original,normalized
https://www.aemc.gov.au/news-centre/media-releases/reliability-panel-prioritises-stability-consumers-proposed-change-reliability-standard-2028-2032,https://www.aemc.gov.au/news-centre/media-releases/reliability-panel-prioritises-stability-consumers-proposed-change-reliability-standard-2028-2032
https://www.aemc.gov.au/news-centre/media-releases/network-pricing-reform-could-cut-household-electricity-bills-and-deliver-6-billion-system-savings,https://www.aemc.gov.au/news-centre/media-releases/network-pricing-reform-could-cut-household-electricity-bills-and-deliver-6-billion-system-savings
https://www.aemc.gov.au/news-centre/media-releases/aemc-proposes-enhanced-distribution-network-planning-support-local-energy-solutions,https://www.aemc.gov.au/news-centre/media-releases/aemc-proposes-enhanced-distribution-network-planning-support-local-energy-solutions
https://www.parliament.vic.gov.au/news/general-news/pacific-women,https://www.parliament.vic.gov.au/news/general-news/pacific-women
https://www.parliament.vic.gov.au/news/general-news/school-funding,https://www.parliament.vic.gov.au/news/general-news/school-funding
https://www.rdv.vic.gov.au/news/small-places-with-fresh-spaces-for-our-tiniest-communities,https://www.rdv.vic.gov.au/news/small-places-with-fresh-spaces-for-our-tiniest-communities
https://ec.europa.eu/commission/presscorner/detail/en/ip_26_869,https://ec.europa.eu/commission/presscorner/detail/en/ip_26_869
https://energy.ec.europa.eu/news/commission-recommendation-facilitate-power-purchase-agreement-take-2026-04-22_en,https://energy.ec.europa.eu/news/commission-recommendation-facilitate-power-purchase-agreement-take-2026-04-22_en
https://ec.europa.eu/commission/presscorner/detail/en/ip_26_629,https://ec.europa.eu/commission/presscorner/detail/en/ip_26_629
https://ec.europa.eu/commission/presscorner/detail/en/speech_26_863,https://ec.europa.eu/commission/presscorner/detail/en/speech_26_863
https://cinea.ec.europa.eu/news-events/news/life-calls-proposals-2026-eu6015-million-greener-more-competitive-europe-2026-04-22_en,https://cinea.ec.europa.eu/news-events/news/life-calls-proposals-2026-eu6015-million-greener-more-competitive-europe-2026-04-22_en
https://ec.europa.eu/eurostat/en/web/products-eurostat-news/w/ddn-20260421-1,https://ec.europa.eu/eurostat/en/web/products-eurostat-news/w/ddn-20260421-1
https://energy.ec.europa.eu/news/introducing-2026-cohort-young-energy-ambassadors-2026-04-21_en,https://energy.ec.europa.eu/news/introducing-2026-cohort-young-energy-ambassadors-2026-04-21_en
https://energy.ec.europa.eu/news/focus-eu-energy-security-explained-2026-04-20_en,https://energy.ec.europa.eu/news/focus-eu-energy-security-explained-2026-04-20_en
https://energy.ec.europa.eu/news/commissioner-jorgensen-spain-discuss-ways-tackle-energy-and-housing-crises-2026-04-17_en,https://energy.ec.europa.eu/news/commissioner-jorgensen-spain-discuss-ways-tackle-energy-and-housing-crises-2026-04-17_en
https://www.ato.gov.au/media-centre/speech-to-australian-government-data-summit,https://www.ato.gov.au/media-centre/speech-to-australian-government-data-summit
https://nt.gov.au/news/2026/anzac-day-2026,https://nt.gov.au/news/2026/anzac-day-2026
https://minister.agriculture.gov.au/collins/media-releases/securing-more-fuel-and-fertiliser,https://minister.agriculture.gov.au/collins/media-releases/securing-more-fuel-and-fertiliser
https://minister.agriculture.gov.au/collins/media-releases/now-available-615-billion-back-australian-industry-and-shore-supply-chains,https://minister.agriculture.gov.au/collins/media-releases/now-available-615-billion-back-australian-industry-and-shore-supply-chains
https://minister.agriculture.gov.au/collins/media-releases/securing-more-fertiliser-for-australian-farmers,https://minister.agriculture.gov.au/collins/media-releases/securing-more-fertiliser-for-australian-farmers
https://taxation-customs.ec.europa.eu/carbon-border-adjustment-mechanism/carbon-border-adjustment-mechanism-how-make-decarbonisation-efforts-pay-2026-05-07_en,https://taxation-customs.ec.europa.eu/carbon-border-adjustment-mechanism/carbon-border-adjustment-mechanism-how-make-decarbonisation-efforts-pay-2026-05-07_en
https://www.agriculture.gov.au/about/news/meet-australias-2025-biosecurity-top-dog,https://www.agriculture.gov.au/about/news/meet-australias-2025-biosecurity-top-dog
https://www.agriculture.gov.au/about/news/applications-meat-inspector-traineeship-now-open,https://www.agriculture.gov.au/about/news/applications-meat-inspector-traineeship-now-open
https://statements.qld.gov.au/statements/104950,https://statements.qld.gov.au/statements/104950
https://statements.qld.gov.au/statements/104945,https://statements.qld.gov.au/statements/104945
https://statements.qld.gov.au/statements/104946,https://statements.qld.gov.au/statements/104946
https://statements.qld.gov.au/statements/104941,https://statements.qld.gov.au/statements/104941
https://statements.qld.gov.au/statements/104937,https://statements.qld.gov.au/statements/104937
https://statements.qld.gov.au/statements/104942,https://statements.qld.gov.au/statements/104942
https://statements.qld.gov.au/statements/104938,https://statements.qld.gov.au/statements/104938
https://statements.qld.gov.au/statements/104935,https://statements.qld.gov.au/statements/104935
https://statements.qld.gov.au/statements/104936,https://statements.qld.gov.au/statements/104936
https://statements.qld.gov.au/statements/104932,https://statements.qld.gov.au/statements/104932
https://statements.qld.gov.au/statements/104929,https://statements.qld.gov.au/statements/104929
https://statements.qld.gov.au/statements/104928,https://statements.qld.gov.au/statements/104928
https://www.greenclimate.fund/news/investing-results-revive-southeast-asia-s-forests,https://www.greenclimate.fund/news/investing-results-revive-southeast-asia-s-forests
https://whc.unesco.org/en/news/2892,https://whc.unesco.org/en/news/2892
https://whc.unesco.org/en/news/2891,https://whc.unesco.org/en/news/2891
https://whc.unesco.org/en/news/2890,https://whc.unesco.org/en/news/2890
https://www.gov.ca.gov/2026/04/23/governor-newsom-announces-38-new-film-projects-from-animated-features-to-big-budget-productions-and-independents-coming-to-the-golden-state/,https://www.gov.ca.gov/2026/04/23/governor-newsom-announces-38-new-film-projects-from-animated-features-to-big-budget-productions-and-independents-coming-to-the-golden-state/
https://www.gov.ca.gov/2026/04/23/welcome-to-california-bed-bath-beyond/,https://www.gov.ca.gov/2026/04/23/welcome-to-california-bed-bath-beyond/
https://www.gov.ca.gov/2026/04/23/governor-first-partner-statement-on-the-passing-of-michael-tilson-thomas/,https://www.gov.ca.gov/2026/04/23/governor-first-partner-statement-on-the-passing-of-michael-tilson-thomas/
https://www.gov.ca.gov/2026/04/23/governor-newsom-proclaims-workers-memorial-day/,https://www.gov.ca.gov/2026/04/23/governor-newsom-proclaims-workers-memorial-day/
https://www.gov.ca.gov/2026/04/22/governor-newsom-announces-appointments-4-22-26/,https://www.gov.ca.gov/2026/04/22/governor-newsom-announces-appointments-4-22-26/
https://www.abs.gov.au/media-centre/media-releases/abs-calls-norfolk-islanders-fill-2026-census-jobs,https://www.abs.gov.au/media-centre/media-releases/abs-calls-norfolk-islanders-fill-2026-census-jobs
https://www.abs.gov.au/media-centre/media-releases/abs-begins-nationwide-field-officer-recruitment-2026-census,https://www.abs.gov.au/media-centre/media-releases/abs-begins-nationwide-field-officer-recruitment-2026-census
https://www.dss.gov.au/news/advice-dss-funded-service-providers-experiencing-fuel-supply-disruptions,https://www.dss.gov.au/news/advice-dss-funded-service-providers-experiencing-fuel-supply-disruptions
https://www.dss.gov.au/news/coming-soon-electronic-newsletter-community-sector,https://www.dss.gov.au/news/coming-soon-electronic-newsletter-community-sector
https://aasb.gov.au/news/april-reporting-roundup/,https://aasb.gov.au/news/april-reporting-roundup/
https://www.apra.gov.au/news-and-publications/apra-consults-on-amendments-to-reporting-standards-for-life-insurers,https://www.apra.gov.au/news-and-publications/apra-consults-on-amendments-to-reporting-standards-for-life-insurers
https://www.unccd.int/news-stories/press-releases/rangelands-focus-kenya-prepares-desertification-and-drought-day,https://www.unccd.int/news-stories/press-releases/rangelands-focus-kenya-prepares-desertification-and-drought-day
https://www.solar.vic.gov.au/helping-vulnerable-victorians-slash-energy-bills,https://www.solar.vic.gov.au/helping-vulnerable-victorians-slash-energy-bills
https://www.nrf.gov.au/news-and-media-releases/national-reconstruction-fund-corporation-invests-101-million-syenta-help-anchor-semiconductor-manufacturing-sector-australia,https://www.nrf.gov.au/news-and-media-releases/national-reconstruction-fund-corporation-invests-101-million-syenta-help-anchor-semiconductor-manufacturing-sector-australia
https://www.nrf.gov.au/news-and-media-releases/support-logistics-and-manufacturing-businesses-goes-live-economic-resilience-program-opens,https://www.nrf.gov.au/news-and-media-releases/support-logistics-and-manufacturing-businesses-goes-live-economic-resilience-program-opens
https://www.nrf.gov.au/news-and-media-releases/insight-snapshot-capturing-more-value-agriculture-forestry-and-fisheries,https://www.nrf.gov.au/news-and-media-releases/insight-snapshot-capturing-more-value-agriculture-forestry-and-fisheries
https://www.jobsandskills.gov.au/news/reos-spotlight-recruitment-remains-strong-employer-challenges-grow,https://www.jobsandskills.gov.au/news/reos-spotlight-recruitment-remains-strong-employer-challenges-grow
https://www.jobsandskills.gov.au/news/new-dataset-reveals-how-vet-training-relates-jobs,https://www.jobsandskills.gov.au/news/new-dataset-reveals-how-vet-training-relates-jobs
https://www.jobsandskills.gov.au/news/chart-your-career-path-training-employment,https://www.jobsandskills.gov.au/news/chart-your-career-path-training-employment
https://www.jobsandskills.gov.au/news/strong-growth-care-education-and-professional-roles,https://www.jobsandskills.gov.au/news/strong-growth-care-education-and-professional-roles
https://fsc.org.au/news/event-wrap-up-meeting-consumers-where-they-are-fsc-unpacks-digital-financial-advice,https://fsc.org.au/news/event-wrap-up-meeting-consumers-where-they-are-fsc-unpacks-digital-financial-advice
https://www.wa.gov.au/government/media-statements/Cook%20Labor%20Government/Grant-to-refurbish-55-social-housing-units-in-Broome-20260424,https://www.wa.gov.au/government/media-statements/Cook%20Labor%20Government/Grant-to-refurbish-55-social-housing-units-in-Broome-20260424
https://www.wa.gov.au/government/media-statements/Cook%20Labor%20Government/Community-engagement-progressing-for-Exmouth-Gulf-Marine-Park-20260424,https://www.wa.gov.au/government/media-statements/Cook%20Labor%20Government/Community-engagement-progressing-for-Exmouth-Gulf-Marine-Park-20260424
https://www.wa.gov.au/government/media-statements/Cook%20Labor%20Government/Significant-new-funding-commitments-to-save-lives-on-WA-roads-20260424,https://www.wa.gov.au/government/media-statements/Cook%20Labor%20Government/Significant-new-funding-commitments-to-save-lives-on-WA-roads-20260424
https://www.wa.gov.au/government/media-statements/Cook%20Labor%20Government/EIS-delivers-stellar-results-across-drilling-and-geophysics-20260424,https://www.wa.gov.au/government/media-statements/Cook%20Labor%20Government/EIS-delivers-stellar-results-across-drilling-and-geophysics-20260424
https://www.wa.gov.au/government/media-statements/Cook%20Labor%20Government/State-Budget-to-support-111-new-lots-in-Broome-North-20260424,https://www.wa.gov.au/government/media-statements/Cook%20Labor%20Government/State-Budget-to-support-111-new-lots-in-Broome-North-20260424
https://www.wa.gov.au/government/media-statements/Cook%20Labor%20Government/Western-Aussies-urged-to-roll-up-sleeves-for-World-Immunisation-Week-20260423,https://www.wa.gov.au/government/media-statements/Cook%20Labor%20Government/Western-Aussies-urged-to-roll-up-sleeves-for-World-Immunisation-Week-20260423
https://www.wa.gov.au/government/media-statements/Cook%20Labor%20Government/Cook-Labor-Government-secures-8-million-litres-of-diesel-for-WA-20260423,https://www.wa.gov.au/government/media-statements/Cook%20Labor%20Government/Cook-Labor-Government-secures-8-million-litres-of-diesel-for-WA-20260423
https://www.wa.gov.au/government/media-statements/Cook%20Labor%20Government/Reprieve-from-exploration-spending-requirements-amid-fuel-pinch-20260423,https://www.wa.gov.au/government/media-statements/Cook%20Labor%20Government/Reprieve-from-exploration-spending-requirements-amid-fuel-pinch-20260423
https://www.wa.gov.au/government/media-statements/Cook%20Labor%20Government/Cook-Labor-Government-to-digitise-driver's-licences-20260423,https://www.wa.gov.au/government/media-statements/Cook%20Labor%20Government/Cook-Labor-Government-to-digitise-driver's-licences-20260423
https://www.wa.gov.au/government/media-statements/Cook%20Labor%20Government/Italian-legends-in-WA-ahead-of-exclusive-football-matches-20260423,https://www.wa.gov.au/government/media-statements/Cook%20Labor%20Government/Italian-legends-in-WA-ahead-of-exclusive-football-matches-20260423
https://www.wa.gov.au/government/media-statements/Cook%20Labor%20Government/Cook-Labor-Government-and-Fremantle-Dockers-unite-to-anchor-defence-industry-connections-20260423,https://www.wa.gov.au/government/media-statements/Cook%20Labor%20Government/Cook-Labor-Government-and-Fremantle-Dockers-unite-to-anchor-defence-industry-connections-20260423
https://www.wa.gov.au/government/media-statements/Cook%20Labor%20Government/Spending-uplift-for-mental-health-services-across-Western-Australia-20260423,https://www.wa.gov.au/government/media-statements/Cook%20Labor%20Government/Spending-uplift-for-mental-health-services-across-Western-Australia-20260423
https://www.wa.gov.au/government/media-statements/Cook%20Labor%20Government/Busselton-Centre-dual-named-'Djooditj'-first-in-project-20260423,https://www.wa.gov.au/government/media-statements/Cook%20Labor%20Government/Busselton-Centre-dual-named-'Djooditj'-first-in-project-20260423
https://www.wa.gov.au/government/media-statements/Cook%20Labor%20Government/Budget-fully-funds-Albany-Health-Campus-expansion-20260422,https://www.wa.gov.au/government/media-statements/Cook%20Labor%20Government/Budget-fully-funds-Albany-Health-Campus-expansion-20260422
https://www.wa.gov.au/government/media-statements/Cook%20Labor%20Government/Lotterywest-grants-supporting-creative-spaces-across-WA-20260422,https://www.wa.gov.au/government/media-statements/Cook%20Labor%20Government/Lotterywest-grants-supporting-creative-spaces-across-WA-20260422
https://www.wa.gov.au/government/media-statements/Cook%20Labor%20Government/Bunbury's-waterfront-gets-$89.1-million-State-Budget-boost---20260422,https://www.wa.gov.au/government/media-statements/Cook%20Labor%20Government/Bunbury's-waterfront-gets-$89.1-million-State-Budget-boost---20260422
https://www.wa.gov.au/government/media-statements/Cook%20Labor%20Government/Joint-media-statement---$8-million-boost-to-upgrade-WA-recycling-infrastructure-20260422,https://www.wa.gov.au/government/media-statements/Cook%20Labor%20Government/Joint-media-statement---$8-million-boost-to-upgrade-WA-recycling-infrastructure-20260422
https://www.wa.gov.au/government/media-statements/Cook%20Labor%20Government/Mid-West-RED-grants-creating-jobs-and-diversifying-business-20260422,https://www.wa.gov.au/government/media-statements/Cook%20Labor%20Government/Mid-West-RED-grants-creating-jobs-and-diversifying-business-20260422
https://www.wa.gov.au/government/media-statements/Cook%20Labor%20Government/Australind-train-service-set-to-return-between-Perth-and-Bunbury-20260422,https://www.wa.gov.au/government/media-statements/Cook%20Labor%20Government/Australind-train-service-set-to-return-between-Perth-and-Bunbury-20260422
https://www.wa.gov.au/government/media-statements/Cook%20Labor%20Government/Applications-now-open-for-WA-Innovators-of-the-Year-2026-20260422,https://www.wa.gov.au/government/media-statements/Cook%20Labor%20Government/Applications-now-open-for-WA-Innovators-of-the-Year-2026-20260422
https://www.dcceew.gov.au/about/news/securing-australias-fuel-supply,https://www.dcceew.gov.au/about/news/securing-australias-fuel-supply
https://www.dcceew.gov.au/about/news/measuring-natures-value-better-environmental-decisions,https://www.dcceew.gov.au/about/news/measuring-natures-value-better-environmental-decisions
https://www.dcceew.gov.au/about/news/improving-fremantles-samson-park-nature,https://www.dcceew.gov.au/about/news/improving-fremantles-samson-park-nature
https://www.dcceew.gov.au/about/news/macquarie-harbour-water-improvement-step-closer,https://www.dcceew.gov.au/about/news/macquarie-harbour-water-improvement-step-closer
https://www.dcceew.gov.au/about/news/restoring-banksia-woodland-habitat,https://www.dcceew.gov.au/about/news/restoring-banksia-woodland-habitat
https://www.dcceew.gov.au/about/news/partnering-protect-sea-country,https://www.dcceew.gov.au/about/news/partnering-protect-sea-country
https://www.dcceew.gov.au/about/news/world-heritage-day-protecting-our-unique-places,https://www.dcceew.gov.au/about/news/world-heritage-day-protecting-our-unique-places
https://www.dcceew.gov.au/about/news/review-nger-method-2-open-cut-coal-mines,https://www.dcceew.gov.au/about/news/review-nger-method-2-open-cut-coal-mines
https://www.nsw.gov.au/departments-and-agencies/local-land-services/news/landscape-scale-cultural-burning-study-expands,https://www.nsw.gov.au/departments-and-agencies/local-land-services/news/landscape-scale-cultural-burning-study-expands
https://www.nsw.gov.au/departments-and-agencies/local-land-services/news/forum-to-help-landholders-cash-on-natural-capital-opportunities,https://www.nsw.gov.au/departments-and-agencies/local-land-services/news/forum-to-help-landholders-cash-on-natural-capital-opportunities
https://www.aicd.com.au/news-media/media-releases/2026/alliance-of-industry-associations-pre-budget-submission-26-27.html,https://www.aicd.com.au/news-media/media-releases/2026/alliance-of-industry-associations-pre-budget-submission-26-27.html
https://www.pm.gov.au/media/governments-take-joint-action-support-liberty-bell-bay-workers-during-sale-process,https://www.pm.gov.au/media/governments-take-joint-action-support-liberty-bell-bay-workers-during-sale-process
https://www.pm.gov.au/media/television-interview-abc-afternoon-briefing-7,https://www.pm.gov.au/media/television-interview-abc-afternoon-briefing-7
https://www.pm.gov.au/media/press-conference-sydney-32,https://www.pm.gov.au/media/press-conference-sydney-32
https://www.pm.gov.au/media/press-conference-sydney-31,https://www.pm.gov.au/media/press-conference-sydney-31
https://www.pm.gov.au/media/podcast-interview-daily-aus-1,https://www.pm.gov.au/media/podcast-interview-daily-aus-1
https://www.pm.gov.au/media/radio-interview-abc-sydney-21,https://www.pm.gov.au/media/radio-interview-abc-sydney-21
https://www.pm.gov.au/media/radio-interview-abc-sydney-20,https://www.pm.gov.au/media/radio-interview-abc-sydney-20
https://www.pm.gov.au/media/securing-more-fuel-and-fertiliser,https://www.pm.gov.au/media/securing-more-fuel-and-fertiliser
https://www.pm.gov.au/media/press-conference-port-botany,https://www.pm.gov.au/media/press-conference-port-botany
https://www.pm.gov.au/media/television-interview-abc-730-18,https://www.pm.gov.au/media/television-interview-abc-730-18
https://www.pm.gov.au/media/press-conference-sydney-30,https://www.pm.gov.au/media/press-conference-sydney-30
https://www.pm.gov.au/media/press-conference-viva-refinery-geelong,https://www.pm.gov.au/media/press-conference-viva-refinery-geelong
https://www.ansto.gov.au/news/deuteration-supports-blood-test-to-help-diagnose-breast-cancer,https://www.ansto.gov.au/news/deuteration-supports-blood-test-to-help-diagnose-breast-cancer
https://www.ansto.gov.au/news/professor-helen-garnett-appointed-to-ansto-board,https://www.ansto.gov.au/news/professor-helen-garnett-appointed-to-ansto-board
https://www.wbcsd.org/news/implement-solar-thermal-to-decarbonize-industry/,https://www.wbcsd.org/news/implement-solar-thermal-to-decarbonize-industry/
https://www.wbcsd.org/news/materiality-mindset-operationalizing-materiality-from-insight-to-foresight/,https://www.wbcsd.org/news/materiality-mindset-operationalizing-materiality-from-insight-to-foresight/
https://www.wbcsd.org/news/putting-people-at-the-center-of-climate-action-the-importance-of-measuring-the-just-transition/,https://www.wbcsd.org/news/putting-people-at-the-center-of-climate-action-the-importance-of-measuring-the-just-transition/
https://www.wbcsd.org/news/how-clean-electrification-can-build-energy-security-for-business/,https://www.wbcsd.org/news/how-clean-electrification-can-build-energy-security-for-business/
https://www.wbcsd.org/news/electrify-industrial-heat-generation-to-eliminate-emissions/,https://www.wbcsd.org/news/electrify-industrial-heat-generation-to-eliminate-emissions/
https://www.csiro.au/en/news/All/Articles/2026/April/Interoperability-as-the-hidden-mechanics-of-connected-care,https://www.csiro.au/en/news/All/Articles/2026/April/Interoperability-as-the-hidden-mechanics-of-connected-care
https://www.wto.org/english/news_e/news26_e/trip_21apr26_367_e.htm,https://www.wto.org/english/news_e/news26_e/trip_21apr26_367_e.htm
https://www.wto.org/english/news_e/news26_e/safe_mdg_17apr26_366_e.htm,https://www.wto.org/english/news_e/news26_e/safe_mdg_17apr26_366_e.htm
https://www.wto.org/english/news_e/news26_e/safe_mdg_17apr26_365_e.htm,https://www.wto.org/english/news_e/news26_e/safe_mdg_17apr26_365_e.htm
https://www.fwc.gov.au/about-us/news-and-media/news/road-transport-contractual-chain-order-issued,https://www.fwc.gov.au/about-us/news-and-media/news/road-transport-contractual-chain-order-issued
https://www.fwc.gov.au/cfmeu-and-tftu,https://www.fwc.gov.au/cfmeu-and-tftu
https://www.ato.gov.au/not-for-profit-newsroom/reminder-income-tax-returns-due-soon-for-taxable-nfps,https://www.ato.gov.au/not-for-profit-newsroom/reminder-income-tax-returns-due-soon-for-taxable-nfps
https://www.ato.gov.au/not-for-profit-newsroom/a-word-from-tom-wheeler-april-2026,https://www.ato.gov.au/not-for-profit-newsroom/a-word-from-tom-wheeler-april-2026
https://www.ato.gov.au/not-for-profit-newsroom/nominate-for-our-not-for-profit-stewardship-group,https://www.ato.gov.au/not-for-profit-newsroom/nominate-for-our-not-for-profit-stewardship-group
https://www.ato.gov.au/businesses-and-organisations/business-bulletins-newsroom/updated-transfer-pricing-guideline-published,https://www.ato.gov.au/businesses-and-organisations/business-bulletins-newsroom/updated-transfer-pricing-guideline-published
https://www.ato.gov.au/individuals-and-families/super-for-individuals-and-families/self-managed-super-funds-smsf/smsf-newsroom/unexpected-contact-about-your-super-or-smsf-check-this-first,https://www.ato.gov.au/individuals-and-families/super-for-individuals-and-families/self-managed-super-funds-smsf/smsf-newsroom/unexpected-contact-about-your-super-or-smsf-check-this-first
https://www.ato.gov.au/businesses-and-organisations/business-bulletins-newsroom/super-funds-and-civs-required-to-lodge-rtp-schedule-for-tt26,https://www.ato.gov.au/businesses-and-organisations/business-bulletins-newsroom/super-funds-and-civs-required-to-lodge-rtp-schedule-for-tt26
https://www.ato.gov.au/tax-and-super-professionals/for-tax-professionals/tax-professionals-newsroom/increased-visibility-for-trust-elections,https://www.ato.gov.au/tax-and-super-professionals/for-tax-professionals/tax-professionals-newsroom/increased-visibility-for-trust-elections
https://www.ato.gov.au/forms-and-instructions/reportable-tax-position-schedule-and-instructions-2026/rtp-schedule-instructions-2026-super-funds/section-d-declaration-and-signature-super-funds,https://www.ato.gov.au/forms-and-instructions/reportable-tax-position-schedule-and-instructions-2026/rtp-schedule-instructions-2026-super-funds/section-d-declaration-and-signature-super-funds
https://www.ato.gov.au/forms-and-instructions/reportable-tax-position-schedule-and-instructions-2026/rtp-schedule-instructions-2026-super-funds/how-to-get-the-rtp-schedule-2026-super-funds,https://www.ato.gov.au/forms-and-instructions/reportable-tax-position-schedule-and-instructions-2026/rtp-schedule-instructions-2026-super-funds/how-to-get-the-rtp-schedule-2026-super-funds
https://www.ato.gov.au/forms-and-instructions/reportable-tax-position-schedule-and-instructions-2026/rtp-schedule-instructions-2026-super-funds,https://www.ato.gov.au/forms-and-instructions/reportable-tax-position-schedule-and-instructions-2026/rtp-schedule-instructions-2026-super-funds
https://www.infrastructure.gov.au/department/media/news/western-sydney-international-airport-wsi-noise-insulation-program-commences,https://www.infrastructure.gov.au/department/media/news/western-sydney-international-airport-wsi-noise-insulation-program-commences
https://www.infrastructure.gov.au/department/media/news/road-safety-set-improve-across-queensland,https://www.infrastructure.gov.au/department/media/news/road-safety-set-improve-across-queensland
https://djsir.vic.gov.au/news-and-articles/ace-scholarships-for-teaching-in-adult-and-community-education,https://djsir.vic.gov.au/news-and-articles/ace-scholarships-for-teaching-in-adult-and-community-education
https://djsir.vic.gov.au/news-and-articles/tafes-unlocking-new-opportunities-in-the-care-economy,https://djsir.vic.gov.au/news-and-articles/tafes-unlocking-new-opportunities-in-the-care-economy
https://djsir.vic.gov.au/news-and-articles/food-manufacturing-giant-making-new-ballarat-flour-mill-bigger-and-better,https://djsir.vic.gov.au/news-and-articles/food-manufacturing-giant-making-new-ballarat-flour-mill-bigger-and-better
https://djsir.vic.gov.au/news-and-articles/2025-26-premiers-awards-for-health-and-medical-research-winners-and-finalists-announced,https://djsir.vic.gov.au/news-and-articles/2025-26-premiers-awards-for-health-and-medical-research-winners-and-finalists-announced
https://djsir.vic.gov.au/news-and-articles/helping-young-people-in-out-of-home-care-into-tafe-and-university,https://djsir.vic.gov.au/news-and-articles/helping-young-people-in-out-of-home-care-into-tafe-and-university
"https://djsir.vic.gov.au/news-and-articles/shining-a-spotlight-on-fresh-fruit-and-veg-in-mildura,-swan-hill-and-shepparton","https://djsir.vic.gov.au/news-and-articles/shining-a-spotlight-on-fresh-fruit-and-veg-in-mildura,-swan-hill-and-shepparton"
https://www.naif.gov.au/media-centre/albanese-government-backs-darwin-student-accommodation/,https://www.naif.gov.au/media-centre/albanese-government-backs-darwin-student-accommodation/
https://www.naif.gov.au/media-centre/boosting-affordable-housing-in-north-queensland/,https://www.naif.gov.au/media-centre/boosting-affordable-housing-in-north-queensland/
https://www.dta.gov.au/articles/speech-accelerating-data-and-digital-ai-capability-australian-public-service,https://www.dta.gov.au/articles/speech-accelerating-data-and-digital-ai-capability-australian-public-service
https://www.infrastructure.gov.au/department/media/news/norfolk-island-pfas-monitoring-and-management,https://www.infrastructure.gov.au/department/media/news/norfolk-island-pfas-monitoring-and-management
https://esgnews.com/premier-energies-outlines-esg-strategy-anchored-in-decarbonization-supply-chain-control-and-workforce-inclusion/,https://esgnews.com/premier-energies-outlines-esg-strategy-anchored-in-decarbonization-supply-chain-control-and-workforce-inclusion/
https://esgnews.com/top-20-esg-etfs-in-2026/,https://esgnews.com/top-20-esg-etfs-in-2026/
https://esgnews.com/esg-etf-market-signals-april-17-2026/,https://esgnews.com/esg-etf-market-signals-april-17-2026/
https://www.australianindustrygroup.com.au/news/media-centre/2026/australian-industry-group-appointed-to-executive-cyber-council/,https://www.australianindustrygroup.com.au/news/media-centre/2026/australian-industry-group-appointed-to-executive-cyber-council/
https://www.australianindustrygroup.com.au/news/media-centre/2026/australian-industry-group-welcomes-launch-of-$1-billion-economic-resilience-program/,https://www.australianindustrygroup.com.au/news/media-centre/2026/australian-industry-group-welcomes-launch-of-$1-billion-economic-resilience-program/
https://www.cefc.com.au/media/in-the-news/cefc-investments-recognised-in-ij-global-awards/,https://www.cefc.com.au/media/in-the-news/cefc-investments-recognised-in-ij-global-awards/
https://www.cefc.com.au/media/media-release/renewable-metals-raises-12-million-series-a-to-scale-next-generation-lithium-ion-battery-recycling-technology/,https://www.cefc.com.au/media/media-release/renewable-metals-raises-12-million-series-a-to-scale-next-generation-lithium-ion-battery-recycling-technology/
https://www.dewr.gov.au/newsroom/articles/victorian-tafe-centre-excellence-power-clean-energy-workforce,https://www.dewr.gov.au/newsroom/articles/victorian-tafe-centre-excellence-power-clean-energy-workforce
https://www.exportfinance.gov.au/newsroom/securing-more-fuel-and-fertiliser/,https://www.exportfinance.gov.au/newsroom/securing-more-fuel-and-fertiliser/
https://www.niaa.gov.au/news-and-media/advice-funded-service-providers-experiencing-fuel-supply-disruptions,https://www.niaa.gov.au/news-and-media/advice-funded-service-providers-experiencing-fuel-supply-disruptions
https://www.csiro.au/en/news/All/News/2026/April/Next-generation-of-marine-experts-set-sail-with-CAPSTAN,https://www.csiro.au/en/news/All/News/2026/April/Next-generation-of-marine-experts-set-sail-with-CAPSTAN
https://www.csiro.au/en/news/All/News/2026/April/Regional-blueprint-to-safeguard-Australias-food-future,https://www.csiro.au/en/news/All/News/2026/April/Regional-blueprint-to-safeguard-Australias-food-future
https://www.futurefund.gov.au/news-room/20260423---Appointment-of-Chief-Investment-Officer,https://www.futurefund.gov.au/news-room/20260423---Appointment-of-Chief-Investment-Officer
https://www.futurefund.gov.au/news-room/20260420--Statement-to-the-Australian-Financial-Review,https://www.futurefund.gov.au/news-room/20260420--Statement-to-the-Australian-Financial-Review
https://www.bdo.com.au/en-au/insights/esg-sustainability/criteria-for-mandatory-sustainability-reporting-are-tested-each-reporting-period,https://www.bdo.com.au/en-au/insights/esg-sustainability/criteria-for-mandatory-sustainability-reporting-are-tested-each-reporting-period
https://www.bdo.com.au/en-au/insights/esg-sustainability/rounding-in-sustainability-reports,https://www.bdo.com.au/en-au/insights/esg-sustainability/rounding-in-sustainability-reports
https://www.bdo.com.au/en-au/insights/esg-sustainability/issb-and-gri-open-consultations-on-proposed-updates-to-sustainability-disclosures,https://www.bdo.com.au/en-au/insights/esg-sustainability/issb-and-gri-open-consultations-on-proposed-updates-to-sustainability-disclosures
https://www.bdo.com.au/en-au/insights/esg-sustainability/example-directors-declarations-about-the-sustainability-report,https://www.bdo.com.au/en-au/insights/esg-sustainability/example-directors-declarations-about-the-sustainability-report
https://www.bdo.com.au/en-au/insights/esg-sustainability/climate-science-meets-policy-the-foundation-for-aasb-s2,https://www.bdo.com.au/en-au/insights/esg-sustainability/climate-science-meets-policy-the-foundation-for-aasb-s2
https://www.premier.vic.gov.au/free-tafe-bigger-better-guaranteed,https://www.premier.vic.gov.au/free-tafe-bigger-better-guaranteed
https://www.premier.vic.gov.au/backing-volunteer-and-forest-firefighters-keep-victorians-safe,https://www.premier.vic.gov.au/backing-volunteer-and-forest-firefighters-keep-victorians-safe
https://www.premier.vic.gov.au/new-50-million-renewable-energy-tafe-centre-excellence-driving-gippslands-big-transition,https://www.premier.vic.gov.au/new-50-million-renewable-energy-tafe-centre-excellence-driving-gippslands-big-transition
https://www.premier.vic.gov.au/violence-reduction-unit-here-stay,https://www.premier.vic.gov.au/violence-reduction-unit-here-stay
https://www.premier.vic.gov.au/honouring-lifetime-contributions-victorian-seniors,https://www.premier.vic.gov.au/honouring-lifetime-contributions-victorian-seniors
https://www.premier.vic.gov.au/more-resources-police-keep-victorians-safe,https://www.premier.vic.gov.au/more-resources-police-keep-victorians-safe
https://www.premier.vic.gov.au/tiny-towns-big-upgrades,https://www.premier.vic.gov.au/tiny-towns-big-upgrades
https://www.premier.vic.gov.au/upgraded-police-station-narre-warren,https://www.premier.vic.gov.au/upgraded-police-station-narre-warren
https://www.premier.vic.gov.au/statement-premier-166,https://www.premier.vic.gov.au/statement-premier-166
https://www.aemo.com.au/newsroom/media-release/batteries-continue-to-dominate-nem-connections-as-pipeline-grows,https://www.aemo.com.au/newsroom/media-release/batteries-continue-to-dominate-nem-connections-as-pipeline-grows
https://www.chiefscientist.nsw.gov.au/news/historic-catalyst-for-nsw-healthcare-as-$96-million-rna-research-and-manufacturing-facility-opens-to-support-new-therapeutic-innovations,https://www.chiefscientist.nsw.gov.au/news/historic-catalyst-for-nsw-healthcare-as-$96-million-rna-research-and-manufacturing-facility-opens-to-support-new-therapeutic-innovations
https://agriculture.vic.gov.au/about/media-centre/media-releases/2026-releases/gippsland-irrigation-expo-to-help-farmers-future-proof,https://agriculture.vic.gov.au/about/media-centre/media-releases/2026-releases/gippsland-irrigation-expo-to-help-farmers-future-proof
https://cer.gov.au/news-and-media/news/2026/april/explore-q1-2026-qcmr-data-workbook,https://cer.gov.au/news-and-media/news/2026/april/explore-q1-2026-qcmr-data-workbook
https://www.minister.industry.gov.au/ministers/timayres/media-releases/albanese-government-backs-battery-manufacturers-43-million-increased-energy-resilience,https://www.minister.industry.gov.au/ministers/timayres/media-releases/albanese-government-backs-battery-manufacturers-43-million-increased-energy-resilience
https://www.minister.industry.gov.au/ministers/charlton/media-releases/new-agreement-ai-collaboration-microsoft,https://www.minister.industry.gov.au/ministers/charlton/media-releases/new-agreement-ai-collaboration-microsoft
https://www.minister.industry.gov.au/ministers/timayres/media-releases/new-agreement-ai-collaboration-microsoft,https://www.minister.industry.gov.au/ministers/timayres/media-releases/new-agreement-ai-collaboration-microsoft
https://www.minister.industry.gov.au/ministers/timayres/media-releases/now-available-615-billion-back-australian-industry-and-shore-supply-chains,https://www.minister.industry.gov.au/ministers/timayres/media-releases/now-available-615-billion-back-australian-industry-and-shore-supply-chains
https://www.industry.gov.au/news/australian-government-has-signed-memorandum-understanding-mou-tech-giant-microsoft,https://www.industry.gov.au/news/australian-government-has-signed-memorandum-understanding-mou-tech-giant-microsoft
https://press.un.org/en/2026/sgsm23099.doc.htm,https://press.un.org/en/2026/sgsm23099.doc.htm
https://press.un.org/en/2026/sgsm23096.doc.htm,https://press.un.org/en/2026/sgsm23096.doc.htm
https://press.un.org/en/2026/sgsm23098.doc.htm,https://press.un.org/en/2026/sgsm23098.doc.htm
https://press.un.org/en/2026/sgsm23097.doc.htm,https://press.un.org/en/2026/sgsm23097.doc.htm
https://press.un.org/en/2026/sgt3461.doc.htm,https://press.un.org/en/2026/sgt3461.doc.htm
https://press.un.org/en/2026/sgsm23095.doc.htm,https://press.un.org/en/2026/sgsm23095.doc.htm
https://press.un.org/en/2026/sga2408.doc.htm,https://press.un.org/en/2026/sga2408.doc.htm
https://press.un.org/en/2026/sgsm23094.doc.htm,https://press.un.org/en/2026/sgsm23094.doc.htm
https://press.un.org/en/2026/sgsm23092.doc.htm,https://press.un.org/en/2026/sgsm23092.doc.htm
https://press.un.org/en/2026/sgsm23093.doc.htm,https://press.un.org/en/2026/sgsm23093.doc.htm
https://minister.dcceew.gov.au/bowen/media-releases/joint-media-release-securing-more-fuel-regions,https://minister.dcceew.gov.au/bowen/media-releases/joint-media-release-securing-more-fuel-regions
https://minister.dcceew.gov.au/bowen/media-releases/joint-media-release-securing-more-fuel-and-fertiliser,https://minister.dcceew.gov.au/bowen/media-releases/joint-media-release-securing-more-fuel-and-fertiliser
https://www.chiefscientist.gov.au/news-and-media/chief-scientist-delivers-speech-centre-ai-and-digital-ethics,https://www.chiefscientist.gov.au/news-and-media/chief-scientist-delivers-speech-centre-ai-and-digital-ethics
https://www.premier.tas.gov.au/latest-news/2026/april/partnership-funding-protecting-threatened-species,https://www.premier.tas.gov.au/latest-news/2026/april/partnership-funding-protecting-threatened-species
https://www.premier.tas.gov.au/latest-news/2026/april/west-coast-district-hospital-upgrade-stage-2-construction-tenders-invited,https://www.premier.tas.gov.au/latest-news/2026/april/west-coast-district-hospital-upgrade-stage-2-construction-tenders-invited
https://www.premier.tas.gov.au/latest-news/2026/april/launceston-running-festival-unveils-new-waterfront-finish,https://www.premier.tas.gov.au/latest-news/2026/april/launceston-running-festival-unveils-new-waterfront-finish
https://www.premier.tas.gov.au/latest-news/2026/april/tasmanian-food-and-beverage-returns-to-the-botanical-gardens,https://www.premier.tas.gov.au/latest-news/2026/april/tasmanian-food-and-beverage-returns-to-the-botanical-gardens
https://www.premier.tas.gov.au/latest-news/2026/april/grants-announced-to-support-tasmanian-mens-sheds,https://www.premier.tas.gov.au/latest-news/2026/april/grants-announced-to-support-tasmanian-mens-sheds
https://www.premier.tas.gov.au/latest-news/2026/april/doubling-the-life-of-trevallyn-dams-critical-energy-infrastructure,https://www.premier.tas.gov.au/latest-news/2026/april/doubling-the-life-of-trevallyn-dams-critical-energy-infrastructure
https://www.premier.tas.gov.au/latest-news/2026/april/tasmanians-invited-to-have-their-say-on-assisted-dying-legislation,https://www.premier.tas.gov.au/latest-news/2026/april/tasmanians-invited-to-have-their-say-on-assisted-dying-legislation
https://www.premier.tas.gov.au/latest-news/2026/april/more-crisis-and-transitional-housing-for-women-and-children-across-hobart,https://www.premier.tas.gov.au/latest-news/2026/april/more-crisis-and-transitional-housing-for-women-and-children-across-hobart
https://www.premier.tas.gov.au/latest-news/2026/april/fuel-security-front-and-centre-of-upcoming-trade-and-investment-mission,https://www.premier.tas.gov.au/latest-news/2026/april/fuel-security-front-and-centre-of-upcoming-trade-and-investment-mission
https://www.premier.tas.gov.au/latest-news/2026/april/thousands-of-new-homes-for-tasmanian-first-home-buyers,https://www.premier.tas.gov.au/latest-news/2026/april/thousands-of-new-homes-for-tasmanian-first-home-buyers
https://www.premier.tas.gov.au/latest-news/2026/april/landmarks-light-up-to-honour-100th-birthday-of-late-queen-elizabeth-ii,https://www.premier.tas.gov.au/latest-news/2026/april/landmarks-light-up-to-honour-100th-birthday-of-late-queen-elizabeth-ii
https://www.premier.tas.gov.au/latest-news/2026/april/significant-progress-at-berth-3,https://www.premier.tas.gov.au/latest-news/2026/april/significant-progress-at-berth-3
https://www.trademinister.gov.au/minister/don-farrell/media-release/securing-more-fuel-regions,https://www.trademinister.gov.au/minister/don-farrell/media-release/securing-more-fuel-regions
https://www.trademinister.gov.au/minister/don-farrell/media-release/securing-more-fuel-and-fertiliser,https://www.trademinister.gov.au/minister/don-farrell/media-release/securing-more-fuel-and-fertiliser
https://www.trademinister.gov.au/minister/don-farrell/media-release/protocol-economic-resilience-and-essential-supplies,https://www.trademinister.gov.au/minister/don-farrell/media-release/protocol-economic-resilience-and-essential-supplies
https://www.trademinister.gov.au/minister/don-farrell/transcript/press-conference,https://www.trademinister.gov.au/minister/don-farrell/transcript/press-conference
https://www.trademinister.gov.au/minister/don-farrell/transcript/interview-kieran-gilbert-sky-newsday-1,https://www.trademinister.gov.au/minister/don-farrell/transcript/interview-kieran-gilbert-sky-newsday-1
https://www.trademinister.gov.au/minister/don-farrell/transcript/doorstop-singapore,https://www.trademinister.gov.au/minister/don-farrell/transcript/doorstop-singapore
https://www.trademinister.gov.au/minister/don-farrell/statements/joint-statement-australia-france-ministerial-trade-and-investment-dialogue,https://www.trademinister.gov.au/minister/don-farrell/statements/joint-statement-australia-france-ministerial-trade-and-investment-dialogue
https://ministers.finance.gov.au/financeminister/media-release/2026/04/24/australian-government-general-government-sector-monthly-financial-statements-march-2026,https://ministers.finance.gov.au/financeminister/media-release/2026/04/24/australian-government-general-government-sector-monthly-financial-statements-march-2026
https://www.esc.vic.gov.au/media-centre/powerup-victoria-regulators-partnership-womens-health-north,https://www.esc.vic.gov.au/media-centre/powerup-victoria-regulators-partnership-womens-health-north
https://www.environment.nsw.gov.au/news/npws-hazard-reduction-burn-morton-national-park,https://www.environment.nsw.gov.au/news/npws-hazard-reduction-burn-morton-national-park
https://www.environment.nsw.gov.au/news/hazard-reduction-burn-sapphire-coast-area,https://www.environment.nsw.gov.au/news/hazard-reduction-burn-sapphire-coast-area
https://www.environment.nsw.gov.au/news/state-heritage-register-listing-ravensworth-homestead,https://www.environment.nsw.gov.au/news/state-heritage-register-listing-ravensworth-homestead
https://www.environment.nsw.gov.au/news/hazard-reduction-burn-brindabella-national-park,https://www.environment.nsw.gov.au/news/hazard-reduction-burn-brindabella-national-park
https://www.environment.nsw.gov.au/news/npws-hazard-reduction-burns-continue-wollemi-national-park,https://www.environment.nsw.gov.au/news/npws-hazard-reduction-burns-continue-wollemi-national-park
https://www.environment.nsw.gov.au/news/hazard-reduction-burn-eurobodalla-area,https://www.environment.nsw.gov.au/news/hazard-reduction-burn-eurobodalla-area
https://www.environment.nsw.gov.au/news/hazard-reduction-burns-sapphire-coast-area,https://www.environment.nsw.gov.au/news/hazard-reduction-burns-sapphire-coast-area
https://www.environment.nsw.gov.au/news/hazard-reduction-burns-across-sydney-week,https://www.environment.nsw.gov.au/news/hazard-reduction-burns-across-sydney-week
https://www.environment.nsw.gov.au/news/new-signs-installed-protect-koalas-local-roads,https://www.environment.nsw.gov.au/news/new-signs-installed-protect-koalas-local-roads
https://www.environment.nsw.gov.au/news/restoring-koala-habitat-new-england-tablelands,https://www.environment.nsw.gov.au/news/restoring-koala-habitat-new-england-tablelands
https://environment.ec.europa.eu/news/commission-announces-2028-european-green-cities-competitors-2026-04-23_en,https://environment.ec.europa.eu/news/commission-announces-2028-european-green-cities-competitors-2026-04-23_en
https://environment.ec.europa.eu/news/youth-voices-help-shape-circular-future-annual-conference-2026-04-23_en,https://environment.ec.europa.eu/news/youth-voices-help-shape-circular-future-annual-conference-2026-04-23_en
https://environment.ec.europa.eu/news/forourplanet-2026-calls-bringing-nature-back-life-2026-04-22_en,https://environment.ec.europa.eu/news/forourplanet-2026-calls-bringing-nature-back-life-2026-04-22_en
https://environment.ec.europa.eu/news/why-eu-ecolabel-young-consumers-roadmap-more-conscious-consumption-2026-04-21_en,https://environment.ec.europa.eu/news/why-eu-ecolabel-young-consumers-roadmap-more-conscious-consumption-2026-04-21_en
https://www.eea.europa.eu/en/newsroom/news/creating-win-win-for-business-and-people-key-to-success-of-circular-economy,https://www.eea.europa.eu/en/newsroom/news/creating-win-win-for-business-and-people-key-to-success-of-circular-economy
https://environment.ec.europa.eu/news/help-shape-europes-circular-economy-act-join-final-stakeholder-workshop-2026-04-20_en,https://environment.ec.europa.eu/news/help-shape-europes-circular-economy-act-join-final-stakeholder-workshop-2026-04-20_en
https://environment.ec.europa.eu/news/blooming-beautiful-and-chemical-free-great-gardens-can-also-be-pollinator-havens-2026-04-20_en,https://environment.ec.europa.eu/news/blooming-beautiful-and-chemical-free-great-gardens-can-also-be-pollinator-havens-2026-04-20_en
https://environment.ec.europa.eu/news/sow-grow-unite-garden-every-generation-gozo-2026-04-19_en,https://environment.ec.europa.eu/news/sow-grow-unite-garden-every-generation-gozo-2026-04-19_en
https://environment.ec.europa.eu/news/how-tourism-project-helping-protect-nature-and-jobs-colombia-2026-04-17_en,https://environment.ec.europa.eu/news/how-tourism-project-helping-protect-nature-and-jobs-colombia-2026-04-17_en
https://environment.ec.europa.eu/news/bringing-soil-science-life-next-generation-2026-04-17_en,https://environment.ec.europa.eu/news/bringing-soil-science-life-next-generation-2026-04-17_en
https://www.nsw.gov.au/ministerial-releases/major-redevelopment-of-gillieston-public-school-reaches-new-heights,https://www.nsw.gov.au/ministerial-releases/major-redevelopment-of-gillieston-public-school-reaches-new-heights
https://www.nsw.gov.au/ministerial-releases/123-million-to-accelerate-over-9800-new-homes-across-regional-nsw,https://www.nsw.gov.au/ministerial-releases/123-million-to-accelerate-over-9800-new-homes-across-regional-nsw
https://www.nsw.gov.au/ministerial-releases/hunter-girls-fired-up-for-their-futures,https://www.nsw.gov.au/ministerial-releases/hunter-girls-fired-up-for-their-futures
https://www.nsw.gov.au/ministerial-releases/fuel-inspections-remote-stations,https://www.nsw.gov.au/ministerial-releases/fuel-inspections-remote-stations
https://www.nsw.gov.au/ministerial-releases/young-families-lead-charge-at-latest-lismore-buyback-homes-auction,https://www.nsw.gov.au/ministerial-releases/young-families-lead-charge-at-latest-lismore-buyback-homes-auction
https://www.nsw.gov.au/ministerial-releases/applications-open-celebrate-carers,https://www.nsw.gov.au/ministerial-releases/applications-open-celebrate-carers
https://www.nsw.gov.au/ministerial-releases/more-than-15000-new-homes-for-punchbowl-and-wiley-park,https://www.nsw.gov.au/ministerial-releases/more-than-15000-new-homes-for-punchbowl-and-wiley-park
https://www.nsw.gov.au/ministerial-releases/community-services-long-service-levy-reduced,https://www.nsw.gov.au/ministerial-releases/community-services-long-service-levy-reduced
https://www.nsw.gov.au/ministerial-releases/mallanganee-observatory-opens,https://www.nsw.gov.au/ministerial-releases/mallanganee-observatory-opens
https://www.nsw.gov.au/ministerial-releases/23-retailers-closed-targeted-tobacco-and-vaping-blitz,https://www.nsw.gov.au/ministerial-releases/23-retailers-closed-targeted-tobacco-and-vaping-blitz
https://minister.infrastructure.gov.au/m-king/media-release/boosting-affordable-housing-north-queensland,https://minister.infrastructure.gov.au/m-king/media-release/boosting-affordable-housing-north-queensland
https://minister.infrastructure.gov.au/m-king/media-release/albanese-government-backs-darwin-student-accommodation,https://minister.infrastructure.gov.au/m-king/media-release/albanese-government-backs-darwin-student-accommodation
https://minister.infrastructure.gov.au/m-king/media-release/federal-state-and-territory-ministers-commit-strong-north,https://minister.infrastructure.gov.au/m-king/media-release/federal-state-and-territory-ministers-commit-strong-north
https://blueeconomycrc.com.au/participants-workshop-2026/,https://blueeconomycrc.com.au/participants-workshop-2026/
https://circulareconomy.europa.eu/platform/en/news-and-events/all-news/eu-organic-awards-application-period-still-open,https://circulareconomy.europa.eu/platform/en/news-and-events/all-news/eu-organic-awards-application-period-still-open
https://www.imf.org/en/news/articles/2026/04/22/pr26126-ecuador-the-imf-concludes-5th-review-of-eff-arrangement,https://www.imf.org/en/news/articles/2026/04/22/pr26126-ecuador-the-imf-concludes-5th-review-of-eff-arrangement
https://www.imf.org/en/news/articles/2026/04/18/tr-04172026-press-briefing-transcript-western-hemisphere-department-spring-meetings-2026,https://www.imf.org/en/news/articles/2026/04/18/tr-04172026-press-briefing-transcript-western-hemisphere-department-spring-meetings-2026
https://www.imf.org/en/news/articles/2026/04/17/tr-04172026-transcript-imfc-press-briefing-spring-meetings-2025,https://www.imf.org/en/news/articles/2026/04/17/tr-04172026-transcript-imfc-press-briefing-spring-meetings-2025
https://www.imf.org/en/news/articles/2026/04/17/pr-26125-armenia-imf-staff-reaches-agreement-on-the-first-rev-of-the-stand-by-arrangement,https://www.imf.org/en/news/articles/2026/04/17/pr-26125-armenia-imf-staff-reaches-agreement-on-the-first-rev-of-the-stand-by-arrangement
https://www.imf.org/en/news/articles/2026/04/17/tr-04172026-press-briefing-transcript-european-department-spring-meetings-2026,https://www.imf.org/en/news/articles/2026/04/17/tr-04172026-press-briefing-transcript-european-department-spring-meetings-2026
https://www.imf.org/en/news/articles/2026/04/17/pr26124,https://www.imf.org/en/news/articles/2026/04/17/pr26124
https://www.imf.org/en/news/articles/2026/04/16/tr-04162026-press-briefing-transcript-middle-east-and-central-asia-region-spring-meetings-2026,https://www.imf.org/en/news/articles/2026/04/16/tr-04162026-press-briefing-transcript-middle-east-and-central-asia-region-spring-meetings-2026
https://www.imf.org/en/news/articles/2026/04/16/pr26123-venezuela-imf-announces-resumption-of-dealings,https://www.imf.org/en/news/articles/2026/04/16/pr26123-venezuela-imf-announces-resumption-of-dealings
https://bigbuild.vic.gov.au/news/level-crossing-removal-project/first-beams-up-at-maidstone-street,https://bigbuild.vic.gov.au/news/level-crossing-removal-project/first-beams-up-at-maidstone-street
https://bigbuild.vic.gov.au/news/suburban-rail-loop/first-nationsowned-company-powering-tunnel-boring-machines-with-renewable-energy,https://bigbuild.vic.gov.au/news/suburban-rail-loop/first-nationsowned-company-powering-tunnel-boring-machines-with-renewable-energy
https://bigbuild.vic.gov.au/news/roads/have-your-say-on-the-point-cook-road-upgrade,https://bigbuild.vic.gov.au/news/roads/have-your-say-on-the-point-cook-road-upgrade
https://bigbuild.vic.gov.au/news/level-crossing-removal-project/shop-local-and-win-in-mordialloc-april,https://bigbuild.vic.gov.au/news/level-crossing-removal-project/shop-local-and-win-in-mordialloc-april
https://bigbuild.vic.gov.au/news/level-crossing-removal-project/hopkins-road-to-close-ahead-of-final-bridge-works,https://bigbuild.vic.gov.au/news/level-crossing-removal-project/hopkins-road-to-close-ahead-of-final-bridge-works
https://www.asic.gov.au/about-asic/news-centre/find-a-media-release/2026-releases/26-083mr-asic-accepts-cancellation-of-company-auditor-registration-after-raising-independence-concerns/,https://www.asic.gov.au/about-asic/news-centre/find-a-media-release/2026-releases/26-083mr-asic-accepts-cancellation-of-company-auditor-registration-after-raising-independence-concerns/
https://www.asic.gov.au/about-asic/news-centre/find-a-media-release/2026-releases/26-082mr-pure-foods-tasmania-reduces-4-5-million-in-deferred-tax-assets-following-asic-review/,https://www.asic.gov.au/about-asic/news-centre/find-a-media-release/2026-releases/26-082mr-pure-foods-tasmania-reduces-4-5-million-in-deferred-tax-assets-following-asic-review/
https://www.asic.gov.au/about-asic/news-centre/find-a-media-release/2026-releases/26-081mr-asic-continues-finfluencer-crackdown-alongside-global-regulators/,https://www.asic.gov.au/about-asic/news-centre/find-a-media-release/2026-releases/26-081mr-asic-continues-finfluencer-crackdown-alongside-global-regulators/
https://www.asic.gov.au/about-asic/news-centre/find-a-media-release/2026-releases/26-080mr-federal-court-dismisses-asic-s-continuous-disclosure-case-against-nuix/,https://www.asic.gov.au/about-asic/news-centre/find-a-media-release/2026-releases/26-080mr-federal-court-dismisses-asic-s-continuous-disclosure-case-against-nuix/
https://www.asic.gov.au/about-asic/news-centre/find-a-media-release/2026-releases/26-079mr-asic-bans-former-mwl-financial-adviser-john-morgan-for-5-years/,https://www.asic.gov.au/about-asic/news-centre/find-a-media-release/2026-releases/26-079mr-asic-bans-former-mwl-financial-adviser-john-morgan-for-5-years/
https://www.asic.gov.au/about-asic/news-centre/find-a-media-release/2026-releases/26-078mr-cigno-australia-and-director-mark-swanepoel-bsf-solutions-and-director-brenton-harrison-to-pay-7-million-in-penalties-for-credit-act-breaches/,https://www.asic.gov.au/about-asic/news-centre/find-a-media-release/2026-releases/26-078mr-cigno-australia-and-director-mark-swanepoel-bsf-solutions-and-director-brenton-harrison-to-pay-7-million-in-penalties-for-credit-act-breaches/
https://ministers.treasury.gov.au/ministers/jim-chalmers-2022/media-releases/engagements-nz-finance-minister-and-trans-tasman,https://ministers.treasury.gov.au/ministers/jim-chalmers-2022/media-releases/engagements-nz-finance-minister-and-trans-tasman
https://ministers.treasury.gov.au/ministers/jim-chalmers-2022/media-releases/regulating-cash-distribution-services,https://ministers.treasury.gov.au/ministers/jim-chalmers-2022/media-releases/regulating-cash-distribution-services
https://ministers.treasury.gov.au/ministers/jim-chalmers-2022/media-releases/1000-instant-tax-deduction-deliver-lower-simpler-taxes,https://ministers.treasury.gov.au/ministers/jim-chalmers-2022/media-releases/1000-instant-tax-deduction-deliver-lower-simpler-taxes
https://ministers.treasury.gov.au/ministers/jim-chalmers-2022/media-releases/new-australia-united-kingdom-mou-unlock-more-investment,https://ministers.treasury.gov.au/ministers/jim-chalmers-2022/media-releases/new-australia-united-kingdom-mou-unlock-more-investment
