Date,Title,URL,FileName
2026-05-17,WRI Ross Center at World Urban Forum 13,https://hub.wri.org/events/2026/5/wri-ross-center-world-urban-forum-13?returnTo=https%3A%2F%2Fwww.wri.org%2Fevents,9_www.wri.org-events.md
2026-05-19,The Essential Role of Peacekeeping,https://www.unaansw.org.au/donate,16_www.unaansw.org.au-events.md
2026-05-15,WA Forum 2026,https://www.aicd.com.au/events/all-events/wa/EVNT-001040.html,4_www.aicd.com.au-events-all-events.html.md
2026-05-18,Brisbane Directors Briefing: NFP Governance Performance Study,https://www.aicd.com.au/events/all-events/qld/EVNT-001113.html,4_www.aicd.com.au-events-all-events.html.md
2026-05-19,Hobart Director Download: Navigating Psychosocial Hazards A Directors Guide,https://www.aicd.com.au/events/all-events/tas/EVNT-001141.html,4_www.aicd.com.au-events-all-events.html.md
2026-05-19,Toowoomba Directors Briefing: NFP Governance Performance Study,https://www.aicd.com.au/events/all-events/qld/EVNT-001100.html,4_www.aicd.com.au-events-all-events.html.md
2026-05-21,Building Sustainable Portfolios: A Rules Based Approach to ESG Measurement…,https://www.brighttalk.com/webcast/9819/667685?utm_source=brighttalk-portal&utm_medium=web&utm_content=esg&utm_term=search-result-2&utm_campaign=webcasts-search-results-feed&size=10&rank=-webcast_relevance&duration=0..&contentType=webcast&q=esg,11_www.brighttalk.com-search.md
2026-05-21,"SFDR 2.0: What’s Clear, What Isn’t, and How Asset Managers Are Navigating the Reset…",https://www.brighttalk.com/webcast/19061/667109?utm_source=brighttalk-portal&utm_medium=web&utm_content=esg&utm_term=search-result-4&utm_campaign=webcasts-search-results-feed&size=10&rank=-webcast_relevance&duration=0..&contentType=webcast&q=esg,11_www.brighttalk.com-search.md
2026-05-21,From AI to ESG: Fast-Track Thematic Fund Research in Morningstar Direct…,https://www.brighttalk.com/webcast/21218/667870?utm_source=brighttalk-portal&utm_medium=web&utm_content=esg&utm_term=search-result-6&utm_campaign=webcasts-search-results-feed&size=10&rank=-webcast_relevance&duration=0..&contentType=webcast&q=esg,11_www.brighttalk.com-search.md
2026-05-21,White paper on Governing in the age of Agentic AI,https://www.governanceinstitute.com.au/events/e10537-white-paper-on-governing-in-the-age-of-agentic-ai/,5_www.governanceinstitute.com.au-events.md
2026-05-22,Virtual Discussion Group: Public Sector,https://www.governanceinstitute.com.au/events/e10142-virtual-discussion-group-public-sector/,5_www.governanceinstitute.com.au-events.md
2026-05-18,Regional events WBCSD Connect at Ecosperity Week 2026,https://www.wbcsd.org/events/wbcsd-connect-at-ecosperity-week-2026/,14_www.wbcsd.org-events.md
2026-05-19,ERM at IAIA26,https://www.erm.com/about/events/erm-at-iaia26/,13_www.erm.com-about-events.md
2026-05-17,SETAC Europe Annual Meeting 2026,https://www.erm.com/about/events/setac-2026/,13_www.erm.com-about-events.md
2026-05-21,Spotlight Session | Sustainability Reporting Community of Practice,https://unglobalcompact.org.au/events/spotlight-session-sustainability-reporting-community-of-practice-may-26/,22_unglobalcompact.org.au-upcoming-events.md
2026-05-21,"Little Eco Warriors - Reduce, Reuse, Reimagine!",https://www.eventbrite.com.au/e/little-eco-warriors-reduce-reuse-reimagine-tickets-1985422228331?aff=ebdssbdestsearch,1_www.eventbrite.com.au-d-australia-events-next-week-sustainability.md
2026-05-21,"AI Data Centres in Australia: Sovereignty, Resilience and Opportunity​",https://www.eventbrite.com.au/e/ai-data-centres-in-australia-sovereignty-resilience-and-opportunity-tickets-1987795678384?aff=ebdssbdestsearch,1_www.eventbrite.com.au-d-australia-events-next-week-sustainability.md
2026-05-21,MCCC Business Awards 2026,https://www.eventbrite.com.au/e/mccc-business-awards-2026-tickets-1985110944272?aff=ebdssbdestsearch,1_www.eventbrite.com.au-d-australia-events-next-week-sustainability.md
2026-05-19,Fundamentals of Arts Fundraising Workshop,https://www.eventbrite.com.au/e/fundamentals-of-arts-fundraising-workshop-tickets-1986373881752?aff=ebdssbdestsearch,1_www.eventbrite.com.au-d-australia-events-next-week-sustainability.md
2026-05-20,Agribusiness Australia | Grant Thornton NSW Breakfast Event,https://www.eventbrite.com.au/e/agribusiness-australia-grant-thornton-nsw-breakfast-event-tickets-1987478833693?aff=ebdssbdestsearch,1_www.eventbrite.com.au-d-australia-events-next-week-sustainability.md
2026-05-21,Prosperity Advisers 2026 Newcastle Hospitality & Tourism Awards Gala,https://www.eventbrite.com.au/e/prosperity-advisers-2026-newcastle-hospitality-tourism-awards-gala-tickets-1987098812038?aff=ebdssbdestsearch,1_www.eventbrite.com.au-d-australia-events-next-week-sustainability.md
2026-05-21,2026 SILSDA ADELAIDE MAXIMISING SIL IMPACT CONFERENCE,https://www.eventbrite.com.au/e/2026-silsda-adelaide-maximising-sil-impact-conference-tickets-1989127228085?aff=ebdssbdestsearch,1_www.eventbrite.com.au-d-australia-events-next-week-sustainability.md
