url,guessed_selector
https://www.brighttalk.com/webcast/20373/662508?size=10&rank=-webcast_relevance&duration=0..&contentType=webcast&q=esg,main:nth-of-type(1)
https://unglobalcompact.org.au/events/2026-program-launch/,div:nth-of-type(1)
https://hub.wri.org/forum-urban-and-periurban-naturebased-solutions-nbs?returnTo=https%3A%2F%2Fwww.wri.org%2Fevents,main:nth-of-type(1)
https://www.iisd.org/events/shaping-global-data-economy-trade-rules-policy-space-and-development,main:nth-of-type(1)
https://www.environmental-finance.com/content/events/content/events/natural-capital-investment-emea-2026/,article:nth-of-type(1)
https://www.brighttalk.com/webcast/20373/662508?size=10&rank=-webcast_relevance&duration=0..&contentType=webcast&q=esg,main:nth-of-type(1)
https://unglobalcompact.org.au/events/2026-program-launch/,div:nth-of-type(1)
https://www.iisd.org/events/shaping-global-data-economy-trade-rules-policy-space-and-development,main:nth-of-type(1)
https://www.responsibleinvestment.org/events-news/item/human-rights-working-group-meeting-1-2026,main:nth-of-type(1)
https://hub.wri.org/forum-urban-and-periurban-naturebased-solutions-nbs?returnTo=https%3A%2F%2Fwww.wri.org%2Fevents,main:nth-of-type(1)
https://www.environmental-finance.com/content/events/content/events/natural-capital-investment-emea-2026/,article:nth-of-type(1)
https://www.brighttalk.com/webcast/20373/662508?size=10&rank=-webcast_relevance&duration=0..&contentType=webcast&q=esg,main:nth-of-type(1)
https://www.brighttalk.com/webcast/20673/663293?size=10&rank=-webcast_relevance&duration=0..&contentType=webcast&q=esg,main:nth-of-type(1)
https://unglobalcompact.org.au/events/2026-program-launch/,div:nth-of-type(1)
https://www.iisd.org/events/shaping-global-data-economy-trade-rules-policy-space-and-development,main:nth-of-type(1)
https://hub.wri.org/forum-urban-and-periurban-naturebased-solutions-nbs?returnTo=https%3A%2F%2Fwww.wri.org%2Fevents,main:nth-of-type(1)
https://www.environmental-finance.com/content/events/content/events/natural-capital-investment-emea-2026/,article:nth-of-type(1)
https://www.brighttalk.com/webcast/20373/662508?size=10&rank=-webcast_relevance&duration=0..&contentType=webcast&q=esg,main:nth-of-type(1)
https://www.brighttalk.com/webcast/20673/663293?size=10&rank=-webcast_relevance&duration=0..&contentType=webcast&q=esg,main:nth-of-type(1)
https://unglobalcompact.org.au/events/2026-program-launch/,div:nth-of-type(1)
https://www.iisd.org/events/shaping-global-data-economy-trade-rules-policy-space-and-development,main:nth-of-type(1)
https://hub.wri.org/forum-urban-and-periurban-naturebased-solutions-nbs?returnTo=https%3A%2F%2Fwww.wri.org%2Fevents,main:nth-of-type(1)
https://www.environmental-finance.com/content/events/content/events/natural-capital-investment-emea-2026/,article:nth-of-type(1)
https://www.brighttalk.com/webcast/20373/662508?size=10&rank=-webcast_relevance&duration=0..&contentType=webcast&q=esg,main:nth-of-type(1)
https://www.brighttalk.com/webcast/20673/663293?size=10&rank=-webcast_relevance&duration=0..&contentType=webcast&q=esg,main:nth-of-type(1)
https://unglobalcompact.org.au/events/2026-program-launch/,div:nth-of-type(1)
https://www.iisd.org/events/shaping-global-data-economy-trade-rules-policy-space-and-development,main:nth-of-type(1)
https://hub.wri.org/forum-urban-and-periurban-naturebased-solutions-nbs?returnTo=https%3A%2F%2Fwww.wri.org%2Fevents,main:nth-of-type(1)
https://www.environmental-finance.com/content/events/content/events/natural-capital-investment-emea-2026/,article:nth-of-type(1)
https://www.brighttalk.com/webcast/20373/662508?size=10&rank=-webcast_relevance&duration=0..&contentType=webcast&q=esg,main:nth-of-type(1)
https://www.brighttalk.com/webcast/13051/662585?size=10&rank=-webcast_relevance&duration=0..&contentType=webcast&q=esg,main:nth-of-type(1)
https://unglobalcompact.org.au/events/2026-program-launch/,div:nth-of-type(1)
https://www.oecd.org/en/events/2026/03/the-oecd-principles-on-rural-policy-series-rural-communications-workshop-where-communication-breaks-down.html,main:nth-of-type(1)
https://www.oecd.org/en/events/2026/03/2026-oecd-competition-open-day.html,main:nth-of-type(1)
https://www.oecd.org/en/events/2026/03/impact-natural-hazards-on-hazardous-installations-understanding-vulnerability-and-managing-risks.html,main:nth-of-type(1)
https://www.oecd.org/en/events/2026/03/access-to-research-software-opportunities-and-challenges.html,main:nth-of-type(1)
https://www.oecd.org/en/events/2026/03/advancing-a-just-green-transition-in-cities.html,main:nth-of-type(1)
https://www.oecd.org/en/events/2026/03/powering-the-future-driving-the-energy-transition-in-regions.html,main:nth-of-type(1)
https://www.iisd.org/events/shaping-global-data-economy-trade-rules-policy-space-and-development,main:nth-of-type(1)
https://hub.wri.org/events/2026/3/transforming-transportation-2026-powering-jobs-and-growth?returnTo=https%3A%2F%2Fwww.wri.org%2Fevents,main:nth-of-type(1)
https://www.environmental-finance.com/content/events/content/events/natural-capital-investment-emea-2026/,article:nth-of-type(1)
https://www.brighttalk.com/webcast/20373/662508?size=10&rank=-webcast_relevance&duration=0..&contentType=webcast&q=esg,main:nth-of-type(1)
https://www.brighttalk.com/webcast/13051/662585?size=10&rank=-webcast_relevance&duration=0..&contentType=webcast&q=esg,main:nth-of-type(1)
https://unglobalcompact.org.au/events/2026-program-launch/,div:nth-of-type(1)
https://www.responsibleinvestment.org/events-news/item/human-rights-working-group-meeting-1-2026,main:nth-of-type(1)
https://www.oecd.org/en/events/2026/03/the-oecd-principles-on-rural-policy-series-rural-communications-workshop-where-communication-breaks-down.html,main:nth-of-type(1)
https://www.oecd.org/en/events/2026/03/2026-oecd-competition-open-day.html,main:nth-of-type(1)
https://www.oecd.org/en/events/2026/03/impact-natural-hazards-on-hazardous-installations-understanding-vulnerability-and-managing-risks.html,main:nth-of-type(1)
https://www.oecd.org/en/events/2026/03/access-to-research-software-opportunities-and-challenges.html,main:nth-of-type(1)
https://www.oecd.org/en/events/2026/03/advancing-a-just-green-transition-in-cities.html,main:nth-of-type(1)
https://www.oecd.org/en/events/2026/03/powering-the-future-driving-the-energy-transition-in-regions.html,main:nth-of-type(1)
https://www.iisd.org/events/shaping-global-data-economy-trade-rules-policy-space-and-development,main:nth-of-type(1)
https://hub.wri.org/events/2026/3/transforming-transportation-2026-powering-jobs-and-growth?returnTo=https%3A%2F%2Fwww.wri.org%2Fevents,main:nth-of-type(1)
https://www.environmental-finance.com/content/events/content/events/natural-capital-investment-emea-2026/,article:nth-of-type(1)
https://www.brighttalk.com/webcast/20373/662508?size=10&rank=-webcast_relevance&duration=0..&contentType=webcast&q=esg,main:nth-of-type(1)
https://www.brighttalk.com/webcast/13051/662585?size=10&rank=-webcast_relevance&duration=0..&contentType=webcast&q=esg,main:nth-of-type(1)
https://hub.wri.org/events/2026/3/transforming-transportation-2026-powering-jobs-and-growth,main:nth-of-type(1)
https://www.oecd.org/en/events/2026/03/the-oecd-principles-on-rural-policy-series-rural-communications-workshop-where-communication-breaks-down.html,main:nth-of-type(1)
https://www.oecd.org/en/events/2026/03/2026-oecd-competition-open-day.html,main:nth-of-type(1)
https://www.oecd.org/en/events/2026/03/impact-natural-hazards-on-hazardous-installations-understanding-vulnerability-and-managing-risks.html,main:nth-of-type(1)
https://www.oecd.org/en/events/2026/03/access-to-research-software-opportunities-and-challenges.html,main:nth-of-type(1)
https://www.oecd.org/en/events/2026/03/advancing-a-just-green-transition-in-cities.html,main:nth-of-type(1)
https://www.oecd.org/en/events/2026/03/powering-the-future-driving-the-energy-transition-in-regions.html,main:nth-of-type(1)
https://www.oecd.org/en/events/2026/03/leveraging-defence-investments-for-regional-development-on-the-road-to-the-oecd-global-forum-on-local-development-in-limburg.html,div:nth-of-type(1)
https://www.oecd.org/en/events/2026/03/the-oecd-principles-on-rural-policy-series-rural-proofing-workshop-what-is-rural-proofing-intelligence.html,main:nth-of-type(1)
https://www.iisd.org/events/shaping-global-data-economy-trade-rules-policy-space-and-development,main:nth-of-type(1)
https://www.environmental-finance.com/content/events/content/events/natural-capital-investment-emea-2026/,article:nth-of-type(1)
https://www.brighttalk.com/webcast/20373/662508?size=10&rank=-webcast_relevance&duration=0..&contentType=webcast&q=esg,main:nth-of-type(1)
https://www.brighttalk.com/webcast/13051/662585?size=10&rank=-webcast_relevance&duration=0..&contentType=webcast&q=esg,main:nth-of-type(1)
https://www.responsibleinvestment.org/events-news/item/human-rights-working-group-meeting-1-2026,main:nth-of-type(1)
https://hub.wri.org/events/2026/3/transforming-transportation-2026-powering-jobs-and-growth,main:nth-of-type(1)
https://www.iisd.org/events/shaping-global-data-economy-trade-rules-policy-space-and-development,main:nth-of-type(1)
https://www.environmental-finance.com/content/events/content/events/natural-capital-investment-emea-2026/,article:nth-of-type(1)
https://www.brighttalk.com/webcast/13051/662585?size=10&rank=-webcast_relevance&duration=0..&contentType=webcast&q=esg,main:nth-of-type(1)
https://www.oecd.org/en/events/2026/03/impact-natural-hazards-on-hazardous-installations-understanding-vulnerability-and-managing-risks.html,main:nth-of-type(1)
https://www.oecd.org/en/events/2026/03/access-to-research-software-opportunities-and-challenges.html,main:nth-of-type(1)
https://www.oecd.org/en/events/2026/03/enhancing-regional-access-launch-of-the-recommendations-report-action-plan-and-implementation-roadmap.html,main:nth-of-type(1)
https://www.oecd.org/en/events/2026/03/advancing-a-just-green-transition-in-cities.html,main:nth-of-type(1)
https://www.oecd.org/en/events/2026/03/powering-the-future-driving-the-energy-transition-in-regions.html,main:nth-of-type(1)
https://www.oecd.org/en/events/2026/03/leveraging-defence-investments-for-regional-development-on-the-road-to-the-oecd-global-forum-on-local-development-in-limburg.html,main:nth-of-type(1)
https://www.oecd.org/en/events/2026/03/the-oecd-principles-on-rural-policy-series-rural-proofing-workshop-what-is-rural-proofing-intelligence.html,main:nth-of-type(1)
https://hub.wri.org/events/2026/3/transforming-transportation-2026-powering-jobs-and-growth?returnTo=https%3A%2F%2Fwww.wri.org%2Fevents,main:nth-of-type(1)
https://hub.wri.org/events/2026/3/4th-annual-paratransit-popular-transportation-day-transforming-transportation-2026?returnTo=https%3A%2F%2Fwww.wri.org%2Fevents,main:nth-of-type(1)
https://hub.wri.org/scaling-green-infrastructure-resilient-rwanda?returnTo=https%3A%2F%2Fwww.wri.org%2Fevents,main:nth-of-type(1)
https://www.iisd.org/events/shaping-global-data-economy-trade-rules-policy-space-and-development,main:nth-of-type(1)
https://www.iisd.org/events/industrial-policy-and-trade-key-developments,main:nth-of-type(1)
https://www.brighttalk.com/webcast/13051/662585?size=10&rank=-webcast_relevance&duration=0..&contentType=webcast&q=esg,main:nth-of-type(1)
https://hub.wri.org/events/2026/3/transforming-transportation-2026-powering-jobs-and-growth?returnTo=https%3A%2F%2Fwww.wri.org%2Fevents,main:nth-of-type(1)
https://hub.wri.org/events/2026/3/4th-annual-paratransit-popular-transportation-day-transforming-transportation-2026?returnTo=https%3A%2F%2Fwww.wri.org%2Fevents,main:nth-of-type(1)
https://hub.wri.org/scaling-green-infrastructure-resilient-rwanda?returnTo=https%3A%2F%2Fwww.wri.org%2Fevents,main:nth-of-type(1)
https://www.oecd.org/en/events/2026/03/advancing-a-just-green-transition-in-cities.html,main:nth-of-type(1)
https://www.oecd.org/en/events/2026/03/powering-the-future-driving-the-energy-transition-in-regions.html,main:nth-of-type(1)
https://www.oecd.org/en/events/2026/03/leveraging-defence-investments-for-regional-development-on-the-road-to-the-oecd-global-forum-on-local-development-in-limburg.html,main:nth-of-type(1)
https://www.oecd.org/en/events/2026/03/the-oecd-principles-on-rural-policy-series-rural-proofing-workshop-what-is-rural-proofing-intelligence.html,main:nth-of-type(1)
https://iceds.anu.edu.au/news-events/events/antarctica-ice-shapes-our-world,div:nth-of-type(1)
https://www.aicd.com.au/events/all-events/nsw/EV169069.html,main:nth-of-type(1)
https://www.iisd.org/events/industrial-policy-and-trade-key-developments,main:nth-of-type(1)
https://unglobalcompact.org.au/events/greenwashing-time-to-stop-the-spin-cycle-march-2026/,div:nth-of-type(1)
https://www.environmental-finance.com/content/events/content/webinars/sustainable-bond-insights-whats-next-for-the-sustainable-bond-market.html,article:nth-of-type(1)
https://iceds.anu.edu.au/news-events/events/antarctica-ice-shapes-our-world,div:nth-of-type(1)
https://www.brighttalk.com/webcast/13051/662585?size=10&rank=-webcast_relevance&duration=0..&contentType=webcast&q=esg,main:nth-of-type(1)
https://www.aicd.com.au/events/all-events/nsw/EV169069.html,main:nth-of-type(1)
https://hub.wri.org/events/2026/3/transforming-transportation-2026-powering-jobs-and-growth?returnTo=https%3A%2F%2Fwww.wri.org%2Fevents,main:nth-of-type(1)
https://hub.wri.org/events/2026/3/4th-annual-paratransit-popular-transportation-day-transforming-transportation-2026?returnTo=https%3A%2F%2Fwww.wri.org%2Fevents,main:nth-of-type(1)
https://hub.wri.org/scaling-green-infrastructure-resilient-rwanda?returnTo=https%3A%2F%2Fwww.wri.org%2Fevents,main:nth-of-type(1)
https://www.iisd.org/events/industrial-policy-and-trade-key-developments,main:nth-of-type(1)
https://unglobalcompact.org.au/events/greenwashing-time-to-stop-the-spin-cycle-march-2026/,div:nth-of-type(1)
https://www.oecd.org/en/events/2026/03/advancing-a-just-green-transition-in-cities.html,main:nth-of-type(1)
https://www.oecd.org/en/events/2026/03/powering-the-future-driving-the-energy-transition-in-regions.html,main:nth-of-type(1)
https://www.oecd.org/en/events/2026/03/leveraging-defence-investments-for-regional-development-on-the-road-to-the-oecd-global-forum-on-local-development-in-limburg.html,main:nth-of-type(1)
https://www.oecd.org/en/events/2026/03/the-oecd-principles-on-rural-policy-series-rural-proofing-workshop-what-is-rural-proofing-intelligence.html,main:nth-of-type(1)
https://www.responsibleinvestment.org/events-news/item/nature-working-group-meeting-1-2026,main:nth-of-type(1)
https://www.environmental-finance.com/content/events/content/webinars/sustainable-bond-insights-whats-next-for-the-sustainable-bond-market.html,article:nth-of-type(1)
https://www.eventbrite.com.au/e/climate-fresk-solve-the-climate-puzzle-23m-participants-worldwide-tickets-1979449442568?aff=ebdssbdestsearch,main:nth-of-type(1)
https://www.eventbrite.com.au/e/what-is-a-carbon-footprint-and-how-to-reduce-it-tickets-1982743839197?aff=ebdssbdestsearch,main:nth-of-type(1)
https://www.eventbrite.com.au/e/doughnut-design-for-businesstm-doughnut-economics-for-organisations-tickets-1979104308262?aff=ebdssbdestsearch,main:nth-of-type(1)
https://www.eventbrite.com.au/e/doughnut-design-for-businesstm-doughnut-economics-for-organisations-tickets-1979449214887?aff=ebdssbdestsearch,main:nth-of-type(1)
https://www.eventbrite.com.au/e/doughnut-design-for-businesstm-doughnut-economics-for-organisations-tickets-1979685748365?aff=ebdssbdestsearch,main:nth-of-type(1)
https://www.eventbrite.com.au/e/doughnut-design-for-businesstm-doughnut-economics-for-organisations-tickets-1979685538738?aff=ebdssbdestsearch,main:nth-of-type(1)
https://www.eventbrite.com.au/e/doughnut-design-for-businesstm-doughnut-economics-for-organisations-tickets-1979449316190?aff=ebdssbdestsearch,main:nth-of-type(1)
https://www.brighttalk.com/webcast/13051/662585?size=10&rank=-webcast_relevance&duration=0..&contentType=webcast&q=esg,main:nth-of-type(1)
https://hub.wri.org/events/2026/3/transforming-transportation-2026-powering-jobs-and-growth?returnTo=https%3A%2F%2Fwww.wri.org%2Fevents,main:nth-of-type(1)
https://hub.wri.org/events/2026/3/4th-annual-paratransit-popular-transportation-day-transforming-transportation-2026?returnTo=https%3A%2F%2Fwww.wri.org%2Fevents,main:nth-of-type(1)
https://hub.wri.org/scaling-green-infrastructure-resilient-rwanda?returnTo=https%3A%2F%2Fwww.wri.org%2Fevents,main:nth-of-type(1)
https://hub.wri.org/enabling-women-leaders-building-equitable-inclusive-and-climate-resilient-cities?returnTo=https%3A%2F%2Fwww.wri.org%2Fevents,main:nth-of-type(1)
https://www.oecd.org/en/events/2026/03/advancing-a-just-green-transition-in-cities.html,main:nth-of-type(1)
https://www.oecd.org/en/events/2026/03/powering-the-future-driving-the-energy-transition-in-regions.html,main:nth-of-type(1)
https://www.oecd.org/en/events/2026/03/leveraging-defence-investments-for-regional-development-on-the-road-to-the-oecd-global-forum-on-local-development-in-limburg.html,main:nth-of-type(1)
https://www.oecd.org/en/events/2026/03/the-oecd-principles-on-rural-policy-series-rural-proofing-workshop-what-is-rural-proofing-intelligence.html,main:nth-of-type(1)
https://www.oecd.org/en/events/2026/03/global-forum-on-the-environment-and-climate-change-march-2026.html,main:nth-of-type(1)
https://unglobalcompact.org.au/events/greenwashing-time-to-stop-the-spin-cycle-march-2026/,div:nth-of-type(1)
https://www.iisd.org/events/industrial-policy-and-trade-key-developments,main:nth-of-type(1)
https://www.iisd.org/events/enabling-women-leaders-building-equitable-inclusive-and-climate-resilient-cities,main:nth-of-type(1)
https://www.aicd.com.au/events/all-events/nsw/EV169069.html,main:nth-of-type(1)
https://www.aicd.com.au/events/all-events/nsw/EVNT-001053.html,main:nth-of-type(1)
https://www.aicd.com.au/events/all-events/qld/EVNT-001059.html,main:nth-of-type(1)
https://www.eventbrite.com.au/e/what-is-a-carbon-footprint-and-how-to-reduce-it-tickets-1982743839197?aff=ebdssbdestsearch,main:nth-of-type(1)
https://www.eventbrite.com.au/e/yin-yoga-and-sound-healing-tickets-1250990509289?aff=ebdssbdestsearch,main:nth-of-type(1)
https://www.eventbrite.com.au/e/climate-fresk-solve-the-climate-puzzle-23m-participants-worldwide-tickets-1979449442568?aff=ebdssbdestsearch,main:nth-of-type(1)
https://www.eventbrite.com.au/e/workshop-making-quick-pickles-tickets-1980349824635?aff=ebdssbdestsearch,main:nth-of-type(1)
https://www.eventbrite.com.au/e/building-resilience-workshop-wellbeing-for-business-owners-tickets-1977007874773?aff=ebdssbdestsearch,main:nth-of-type(1)
https://hub.wri.org/enabling-women-leaders-building-equitable-inclusive-and-climate-resilient-cities?returnTo=https%3A%2F%2Fwww.wri.org%2Fevents,main:nth-of-type(1)
https://hub.wri.org/global-nature-watch-ai-powered-insights-nature-africa-and-beyond?returnTo=https%3A%2F%2Fwww.wri.org%2Fevents,main:nth-of-type(1)
https://www.governanceinstitute.com.au/events/e10019-wa-discussion-group-risk/,main:nth-of-type(1)
https://www.governanceinstitute.com.au/events/e10140-virtual-discussion-group-company-secretaries/,main:nth-of-type(1)
https://www.governanceinstitute.com.au/events/e09961-2026-nsw-kick-off-networking-the-year-ahead/,main:nth-of-type(1)
https://www.governanceinstitute.com.au/events/e09959-international-womens-day-breakfast-darwin-2026/,main:nth-of-type(1)
https://www.aicd.com.au/events/all-events/nsw/EVNT-001053.html,main:nth-of-type(1)
https://www.aicd.com.au/events/all-events/qld/EVNT-001059.html,main:nth-of-type(1)
https://www.aicd.com.au/events/all-events/vic/EVNT-001084.html,main:nth-of-type(1)
https://www.aicd.com.au/events/all-events/wa/EVNT-001043.html,main:nth-of-type(1)
https://www.aicd.com.au/events/all-events/vic/EVNT-001060.html,main:nth-of-type(1)
https://www.iisd.org/events/industrial-policy-and-trade-key-developments,main:nth-of-type(1)
https://www.iisd.org/events/enabling-women-leaders-building-equitable-inclusive-and-climate-resilient-cities,main:nth-of-type(1)
https://www.eventbrite.com.au/e/engineer-growth-your-competitors-do-not-have-the-branson-myth-tickets-1984087142052?aff=ebdssbdestsearch,main:nth-of-type(1)
https://www.eventbrite.com.au/e/save-the-animals-tickets-1981684668188?aff=ebdssbdestsearch,main:nth-of-type(1)
https://www.eventbrite.com.au/e/aligning-social-impact-&-profitability-1-day-course-in-townsville-tickets-1406854572899?aff=ebdssbdestsearch,div:nth-of-type(1)
https://www.eventbrite.com.au/e/rethink-waste-in-the-kitchen-at-burnie-library-tickets-1981059079034?aff=ebdssbdestsearch,main:nth-of-type(1)
https://www.eventbrite.com.au/e/follow-your-dot-surviving-a-kidnapping-plane-crash-life-at-gunpoint-tickets-1943835677839?aff=ebdssbdestsearch,main:nth-of-type(1)
https://unglobalcompact.org.au/events/greenwashing-time-to-stop-the-spin-cycle-march-2026/,div:nth-of-type(1)
https://www.eventbrite.com.au/e/technology-in-the-paddock-tickets-1982243186732?aff=ebdssbdestsearch,main:nth-of-type(1)
https://hub.wri.org/enabling-women-leaders-building-equitable-inclusive-and-climate-resilient-cities?returnTo=https%3A%2F%2Fwww.wri.org%2Fevents,main:nth-of-type(1)
https://hub.wri.org/global-nature-watch-ai-powered-insights-nature-africa-and-beyond?returnTo=https%3A%2F%2Fwww.wri.org%2Fevents,main:nth-of-type(1)
https://www.governanceinstitute.com.au/events/e10019-wa-discussion-group-risk/,main:nth-of-type(1)
https://www.governanceinstitute.com.au/events/e10140-virtual-discussion-group-company-secretaries/,main:nth-of-type(1)
https://www.governanceinstitute.com.au/events/e09961-2026-nsw-kick-off-networking-the-year-ahead/,main:nth-of-type(1)
https://www.governanceinstitute.com.au/events/e09959-international-womens-day-breakfast-darwin-2026/,main:nth-of-type(1)
https://www.iisd.org/events/industrial-policy-and-trade-key-developments,main:nth-of-type(1)
https://www.iisd.org/events/enabling-women-leaders-building-equitable-inclusive-and-climate-resilient-cities,main:nth-of-type(1)
https://unglobalcompact.org.au/events/greenwashing-time-to-stop-the-spin-cycle-march-2026/,div:nth-of-type(1)
https://www.aicd.com.au/events/all-events/nsw/EVNT-001053.html,main:nth-of-type(1)
https://www.aicd.com.au/events/all-events/qld/EVNT-001059.html,main:nth-of-type(1)
https://www.aicd.com.au/events/all-events/vic/EVNT-001084.html,main:nth-of-type(1)
https://www.aicd.com.au/events/all-events/wa/EVNT-001043.html,main:nth-of-type(1)
https://www.aicd.com.au/events/all-events/vic/EVNT-001060.html,main:nth-of-type(1)
https://www.oecd.org/en/events/2026/03/2nd-oecd-forum-on-countering-illicit-trade.html,main:nth-of-type(1)
https://www.oecd.org/en/events/2026/03/global-forum-on-the-environment-and-climate-change-march-2026.html,main:nth-of-type(1)
https://www.oecd.org/en/events/2026/03/regulating-water-services.html,main:nth-of-type(1)
https://www.oecd.org/en/events/2026/03/indigenous-data-sovereignty-the-future-of-evidence-based-policy-in-australia-and-new-zealand.html,main:nth-of-type(1)
https://www.governanceinstitute.com.au/events/e10019-wa-discussion-group-risk/,main:nth-of-type(1)
https://www.governanceinstitute.com.au/events/e10140-virtual-discussion-group-company-secretaries/,main:nth-of-type(1)
https://www.governanceinstitute.com.au/events/e09961-2026-nsw-kick-off-networking-the-year-ahead/,main:nth-of-type(1)
https://www.governanceinstitute.com.au/events/e09959-international-womens-day-breakfast-darwin-2026/,main:nth-of-type(1)
https://www.eventbrite.com.au/e/technology-in-the-paddock-tickets-1982243186732?aff=ebdssbdestsearch,main:nth-of-type(1)
https://www.aicd.com.au/events/all-events/nsw/EVNT-001053.html,main:nth-of-type(1)
https://www.aicd.com.au/events/all-events/qld/EVNT-001059.html,main:nth-of-type(1)
https://www.aicd.com.au/events/all-events/vic/EVNT-001084.html,main:nth-of-type(1)
https://www.aicd.com.au/events/all-events/wa/EVNT-001043.html,main:nth-of-type(1)
https://www.aicd.com.au/events/all-events/vic/EVNT-001060.html,main:nth-of-type(1)
https://www.iisd.org/events/industrial-policy-and-trade-key-developments,main:nth-of-type(1)
https://www.iisd.org/events/enabling-women-leaders-building-equitable-inclusive-and-climate-resilient-cities,main:nth-of-type(1)
https://unglobalcompact.org.au/events/greenwashing-time-to-stop-the-spin-cycle-march-2026/,div:nth-of-type(1)
https://www.eventbrite.com.au/e/rethink-waste-in-the-kitchen-at-burnie-library-tickets-1981059079034?aff=ebdssbdestsearch,main:nth-of-type(1)
https://hub.wri.org/enabling-women-leaders-building-equitable-inclusive-and-climate-resilient-cities?returnTo=https%3A%2F%2Fwww.wri.org%2Fevents,main:nth-of-type(1)
https://hub.wri.org/global-nature-watch-ai-powered-insights-nature-africa-and-beyond?returnTo=https%3A%2F%2Fwww.wri.org%2Fevents,main:nth-of-type(1)
https://hub.wri.org/enabling-women-leaders-building-equitable-inclusive-and-climate-resilient-cities?returnTo=https%3A%2F%2Fwww.wri.org%2Fevents,main:nth-of-type(1)
https://hub.wri.org/global-nature-watch-ai-powered-insights-nature-africa-and-beyond?returnTo=https%3A%2F%2Fwww.wri.org%2Fevents,main:nth-of-type(1)
https://www.oecd.org/en/events/2026/03/2nd-oecd-forum-on-countering-illicit-trade.html,main:nth-of-type(1)
https://www.oecd.org/en/events/2026/03/global-forum-on-the-environment-and-climate-change-march-2026.html,main:nth-of-type(1)
https://www.oecd.org/en/events/2026/03/regulating-water-services.html,main:nth-of-type(1)
https://www.oecd.org/en/events/2026/03/indigenous-data-sovereignty-the-future-of-evidence-based-policy-in-australia-and-new-zealand.html,main:nth-of-type(1)
https://www.iisd.org/events/industrial-policy-and-trade-key-developments,main:nth-of-type(1)
https://www.iisd.org/events/enabling-women-leaders-building-equitable-inclusive-and-climate-resilient-cities,main:nth-of-type(1)
https://www.governanceinstitute.com.au/events/e10019-wa-discussion-group-risk/,main:nth-of-type(1)
https://www.governanceinstitute.com.au/events/e10140-virtual-discussion-group-company-secretaries/,main:nth-of-type(1)
https://www.governanceinstitute.com.au/events/e09961-2026-nsw-kick-off-networking-the-year-ahead/,main:nth-of-type(1)
https://www.governanceinstitute.com.au/events/e09959-international-womens-day-breakfast-darwin-2026/,main:nth-of-type(1)
https://www.aicd.com.au/events/all-events/nsw/EVNT-001053.html,main:nth-of-type(1)
https://www.aicd.com.au/events/all-events/qld/EVNT-001059.html,main:nth-of-type(1)
https://www.aicd.com.au/events/all-events/vic/EVNT-001084.html,main:nth-of-type(1)
https://www.aicd.com.au/events/all-events/wa/EVNT-001043.html,main:nth-of-type(1)
https://www.aicd.com.au/events/all-events/vic/EVNT-001060.html,main:nth-of-type(1)
https://www.eventbrite.com.au/e/technology-in-the-paddock-tickets-1982243186732?aff=ebdssbdestsearch,main:nth-of-type(1)
https://www.a2ep.org.au/post/webinar-18-march-how-etes-can-support-businesses-its-australian-market-potential,main:nth-of-type(1)
https://www.a2ep.org.au/post/event-19-march-a2ep-member-update-networking-drinks-sydney,main:nth-of-type(1)
https://unglobalcompact.org.au/events/greenwashing-time-to-stop-the-spin-cycle-march-2026/,div:nth-of-type(1)
https://www.eventbrite.com.au/e/rethink-waste-in-the-kitchen-at-burnie-library-tickets-1981059079034?aff=ebdssbdestsearch,main:nth-of-type(1)
https://www.unaansw.org.au/donate,main:nth-of-type(1)
http://hub.wri.org/building-local-capacity-clean-energy-siting-whats-working-and-why?returnTo=https%3A%2F%2Fwww.wri.org%2Fevents,main:nth-of-type(1)
https://hub.wri.org/cbam-green-procurement-and-importance-product-level-emissions-standards-industrial-decarbonization?returnTo=https%3A%2F%2Fwww.wri.org%2Fevents,main:nth-of-type(1)
https://forefrontevents.co/event/governance-risk-compliance-summit-vic-2026/,section:nth-of-type(1)
https://www.brighttalk.com/webcast/2163/663655?size=10&rank=-webcast_relevance&duration=0..&contentType=webcast&q=esg,main:nth-of-type(1)
https://www.erm.com/about/events/fowt-2026-montpellier/,div:nth-of-type(2)
https://www.governanceinstitute.com.au/events/e09959-international-womens-day-breakfast-darwin-2026/,main:nth-of-type(1)
https://www.governanceinstitute.com.au/events/e10097-webinar-healthcare-governance-that-grows-with-you-thriving-through-regulatory-change/,main:nth-of-type(1)
https://www.governanceinstitute.com.au/events/e09930-womens-day-breakfast-tas-hobart/,main:nth-of-type(1)
https://www.governanceinstitute.com.au/events/e10250-gold-coast-members-friends-coffee-catch-up/,main:nth-of-type(1)
https://www.aicd.com.au/events/all-events/qld/EVNT-001068.html,main:nth-of-type(1)
https://www.aicd.com.au/events/all-events/nsw/EVNT-001079.html,main:nth-of-type(1)
https://www.aicd.com.au/events/all-events/qld/EVNT-001063.html,main:nth-of-type(1)
https://www.iisd.org/events/trade-and-sustainability-hub-2026,main:nth-of-type(1)
https://www.eventbrite.com.au/e/creating-lasting-spiritual-change-tickets-1981320477885?aff=ebdssbdestsearch,main:nth-of-type(1)
https://www.eventbrite.com.au/e/eco-chats-getting-off-the-gas-tickets-1983422215238?aff=ebdssbdestsearch,main:nth-of-type(1)
https://www.eventbrite.com.au/e/creative-wollongong-short-film-festival-tickets-1978938911556?aff=ebdssbdestsearch,main:nth-of-type(1)
https://www.eventbrite.com.au/e/adelaide-networking-event-2026-tickets-1976997440564?aff=ebdssbdestsearch,main:nth-of-type(1)
https://www.eventbrite.com.au/e/micah-womens-network-dinner-2026-melbourne-tickets-1980695391234?aff=ebdssbdestsearch,main:nth-of-type(1)
https://www.eventbrite.com.au/e/micah-womens-network-dinner-2026-sydney-tickets-1980693890746?aff=ebdssbdestsearch,main:nth-of-type(1)
https://www.eventbrite.com.au/e/micah-womens-network-dinner-2026-adelaide-tickets-1980694722233?aff=ebdssbdestsearch,main:nth-of-type(1)
https://www.eventbrite.com.au/e/micah-womens-network-dinner-2026-launceston-tickets-1980695518615?aff=ebdssbdestsearch,main:nth-of-type(1)
https://www.eventbrite.com.au/e/3rd-sustainability-forum-2026-tickets-1754129300959?aff=ebdssbdestsearch,main:nth-of-type(1)
https://www.eventbrite.com.au/e/mornington-peninsula-shires-student-sustainability-leadership-summit-y7-10-tickets-1637300141799?aff=ebdssbdestsearch,main:nth-of-type(1)
https://www.eventbrite.com.au/e/leading-successful-change-projects-1-day-leadership-course-in-townsville-tickets-1984728328859?aff=ebdssbdestsearch,main:nth-of-type(1)
https://www.eventbrite.com.au/e/leading-successful-change-projects-1-day-leadership-workshop-in-sydney-tickets-1984728328859?aff=ebdssbdestsearch,main:nth-of-type(1)
https://www.oecd.org/en/events/2026/03/indigenous-data-sovereignty-the-future-of-evidence-based-policy-in-australia-and-new-zealand.html,main:nth-of-type(1)
https://www.oecd.org/en/events/2026/03/launch-of-the-oecd-report-ukraines-strategic-response-to-the-displacement-crisis-return-reintegrate-reconnect.html,main:nth-of-type(1)
https://www.oecd.org/en/events/2026/03/2026-oecd-global-anti-corruption--integrity-forum.html,main:nth-of-type(1)
https://www.oecd.org/en/events/2026/03/from-innovation-to-impact-how-policy-can-support-ai-diffusion.html,main:nth-of-type(1)
https://www.oecd.org/en/events/2026/03/giving-informal-learning-the-recognition-it-deserves.html,main:nth-of-type(1)
https://www.oecd.org/en/events/2026/03/launch-interim-economic-outlook.html,main:nth-of-type(1)
https://www.eventbrite.com.au/e/solve-my-business-challenges-3-fast-wins-to-regain-controltoday-tickets-1984251247897?aff=ebdssbdestsearch,main:nth-of-type(1)
https://www.eventbrite.com.au/e/wa-yep-facci-shaping-energys-future-through-international-collaboration-tickets-1983442838924?aff=ebdssbdestsearch,main:nth-of-type(1)
https://www.eventbrite.com.au/e/the-up-hour-at-upstairs-melbourne-food-wine-festival,div:nth-of-type(1)
https://www.eventbrite.com.au/e/sustainability-for-seniors-understanding-your-energy-bill-tickets-1980833149272?aff=ebdssbdestsearch,main:nth-of-type(1)
https://www.eventbrite.com.au/e/middys-alburywodonga-myenergi-installation-training-tickets-1982927438347?aff=ebdssbdestsearch,main:nth-of-type(1)
https://www.eventbrite.com.au/e/solar-panels-and-home-batteries-free-workshop-registration-1116198974179?aff=ebdssbdestsearch,main:nth-of-type(1)
https://forefrontevents.co/event/governance-risk-compliance-summit-vic-2026/,div.page_content_wrap
https://www.unaansw.org.au/donate,#PAGES_CONTAINER
https://www.brighttalk.com/webcast/2163/663655?size=10&rank=-webcast_relevance&duration=0..&contentType=webcast&q=esg,#bt-player-content-main
https://hub.wri.org/building-local-capacity-clean-energy-siting-whats-working-and-why?returnTo=https%3A%2F%2Fwww.wri.org%2Fevents,main.dialog-off-canvas-main-canvas
https://hub.wri.org/cbam-green-procurement-and-importance-product-level-emissions-standards-industrial-decarbonization?returnTo=https%3A%2F%2Fwww.wri.org%2Fevents,main.dialog-off-canvas-main-canvas
https://www.governanceinstitute.com.au/events/e09959-international-womens-day-breakfast-darwin-2026/,#main
https://www.governanceinstitute.com.au/events/e10097-webinar-healthcare-governance-that-grows-with-you-thriving-through-regulatory-change/,#main
https://www.governanceinstitute.com.au/events/e09930-womens-day-breakfast-tas-hobart/,#main
https://www.governanceinstitute.com.au/events/e10250-gold-coast-members-friends-coffee-catch-up/,#main
https://www.eventbrite.com.au/e/mornington-peninsula-shires-student-sustainability-leadership-summit-y7-10-tickets-1637300141799?aff=ebdssbdestsearch,main.Body_mainContent__JPaXb
https://www.eventbrite.com.au/e/middys-alburywodonga-myenergi-installation-training-tickets-1982927438347?aff=ebdssbdestsearch,main.Body_mainContent__JPaXb
https://www.iisd.org/events/trade-and-sustainability-hub-2026,#main-content
https://www.erm.com/about/events/fowt-2026-montpellier/,div.event-page.container-fluid
https://www.eventbrite.com.au/e/creative-wollongong-short-film-festival-tickets-1978938911556?aff=ebdssbdestsearch,main.Body_mainContent__JPaXb
https://www.eventbrite.com.au/e/adelaide-networking-event-2026-tickets-1976997440564?aff=ebdssbdestsearch,main.Body_mainContent__JPaXb
https://www.eventbrite.com.au/e/micah-womens-network-dinner-2026-sydney-tickets-1980693890746?aff=ebdssbdestsearch,main.Body_mainContent__JPaXb
https://www.eventbrite.com.au/e/micah-womens-network-dinner-2026-launceston-tickets-1980695518615?aff=ebdssbdestsearch,main.Body_mainContent__JPaXb
https://www.eventbrite.com.au/e/leading-successful-change-projects-1-day-leadership-course-in-townsville-tickets-198?aff=ebdssbdestsearch,div.g-grid.l-mar-top-2
https://www.eventbrite.com.au/e/leading-successful-change-projects-1-day-leadership-workshop-in-sydney-tickets-198?aff=ebdssbdestsearch,div.g-grid.l-mar-top-2
https://www.eventbrite.com.au/e/wildlife-photography-for-beginners-online-workshop-1-hour-registration-1984201164095?aff=ebdssbdestsearch,main.Body_mainContent__JPaXb
https://www.brighttalk.com/webcast/17290/662807?size=10&rank=-webcast_relevance&duration=0..&contentType=webcast&q=esg,#bt-player-content-main
https://hub.wri.org/cbam-green-procurement-and-importance-product-level-emissions-standards-industrial-decarbonization?returnTo=https%3A%2F%2Fwww.wri.org%2Fevents,main.dialog-off-canvas-main-canvas
https://www.oecd.org/en/events/2026/03/2026-international-conference-on-ai-in-work-innovation-productivity-and-skills.html,#main-content
https://www.oecd.org/en/events/2026/03/2026-conference-on-investment-treaties.html,#main-content
https://www.oecd.org/en/events/2026/03/overcoming-uncertainty-unlocking-sme-finance-for-investment-and-productivity.html,#main-content
https://www.oecd.org/en/events/2026/03/public-infrastructure-buyer-maturity-and-effective-use-of-delivery-models-.html,#main-content
https://www.oecd.org/en/events/2026/04/the-rural-principles-series-rural-proofing-involving-the-right-stakeholders-at-the-right-time.html,#main-content
https://www.erm.com/about/events/ehs-audit-briefing-webinar/,div.ot-sdk-container.ot-grps-cntr
https://www.iisd.org/events/two-speed-multilateralism-can-it-address-climate-and-health-agenda,#main-content
https://www.iisd.org/events/watershed-critical-conversations-canada-freshwater-future,#main-content
https://www.iisd.org/events/climate-finance-mechanisms-and-instruments-emerging-economies,#main-content
https://www.eventbrite.com.au/e/the-explainer-series-international-law-tickets-1982484636916?aff=ebdssbdestsearch,main.Body_mainContent__JPaXb
https://www.eventbrite.com.au/e/mates-in-sustainabilty-networkmsn-sydney-tickets-1985490013077?aff=ebdssbdestsearch,main.Body_mainContent__JPaXb
https://www.eventbrite.com.au/e/torquay-paddleout-party-tickets-1985618582632?aff=ebdssbdestsearch,main.Body_mainContent__JPaXb
https://www.eventbrite.com.au/e/roadpak-yachtsmans-long-lunch-by-events-queensland-tickets-1982251214744?aff=ebdssbdestsearch,main.Body_mainContent__JPaXb
https://www.oecd.org/en/events/2026/03/2026-international-conference-on-ai-in-work-innovation-productivity-and-skills.html,main:nth-of-type(1)
https://www.oecd.org/en/events/2026/03/2026-conference-on-investment-treaties.html,main:nth-of-type(1)
https://www.oecd.org/en/events/2026/03/overcoming-uncertainty-unlocking-sme-finance-for-investment-and-productivity.html,main:nth-of-type(1)
https://www.oecd.org/en/events/2026/03/public-infrastructure-buyer-maturity-and-effective-use-of-delivery-models-.html,main:nth-of-type(1)
https://www.oecd.org/en/events/2026/04/the-rural-principles-series-rural-proofing-involving-the-right-stakeholders-at-the-right-time.html,main:nth-of-type(1)
https://www.erm.com/about/events/ehs-audit-briefing-webinar/,div:nth-of-type(4)
https://www.brighttalk.com/webcast/17290/662807?size=10&rank=-webcast_relevance&duration=0..&contentType=webcast&q=esg,main:nth-of-type(1)
https://www.iisd.org/events/two-speed-multilateralism-can-it-address-climate-and-health-agenda,main:nth-of-type(1)
https://www.iisd.org/events/watershed-critical-conversations-canada-freshwater-future,main:nth-of-type(1)
https://www.iisd.org/events/climate-finance-mechanisms-and-instruments-emerging-economies,main:nth-of-type(1)
https://hub.wri.org/housing-and-climate-nexus-pathways-resilient-affordable-and-low-carbon-urban-futures-africa?returnTo=https%3A%2F%2Fwww.wri.org%2Fevents,main.dialog-off-canvas-main-canvas
https://www.eventbrite.com.au/e/impact-change-conscious-marketing-retreat-tickets-1985651090865?aff=ebdssbdestsearch,main.Body_mainContent__JPaXb
https://www.eventbrite.com.au/e/gama-healthcare-and-acipc-ipc-tour-hobart-2026-tickets-1799273658949?aff=ebdssbdestsearch,main.Body_mainContent__JPaXb
https://www.eventbrite.com.au/e/psych-k-basic-workshop-tickets-1984210566217?aff=ebdssbdestsearch,main.Body_mainContent__JPaXb
https://www.eventbrite.com.au/e/information-session-ayurveda-appreciation-program-aap-april-10th-2026-tickets-1985700899845?aff=ebdssbdestsearch,main.Body_mainContent__JPaXb
https://www.governanceinstitute.com.au/events/e10240-qld-regional-virtual-discussion-group/,#main
https://www.aicd.com.au/events/all-events/act/EVNT-001102.html,main:nth-of-type(1)
https://www.eventbrite.com.au/e/recycling-workshop-at-red-hill-tickets-1981259320963?aff=ebdssbdestsearch,main.Body_mainContent__JPaXb
https://www.eventbrite.com.au/e/north-freo-nature-space-at-apace-tickets-1985618643815?aff=ebdssbdestsearch,main.Body_mainContent__JPaXb
https://www.eventbrite.com.au/e/moora-moora-coop-visitors-day-5th-april-2026-tickets-1984234215954?aff=ebdssbdestsearch,main.Body_mainContent__JPaXb
https://www.eventbrite.com.au/e/retrosuburbia-book-club-at-kingston-library-tickets-1983595026120?aff=ebdssbdestsearch,main.Body_mainContent__JPaXb
https://www.eventbrite.com.au/e/identifying-and-avoiding-scams-tickets-1980980926277?aff=ebdssbdestsearch,main.Body_mainContent__JPaXb
https://www.eventbrite.com.au/e/get-gardening-tickets-1978072973512?aff=ebdssbdestsearch,main.Body_mainContent__JPaXb
https://www.governanceinstitute.com.au/events/e10240-qld-regional-virtual-discussion-group/,main:nth-of-type(1)
https://hub.wri.org/2nd-africa-urban-forum?returnTo=https%3A%2F%2Fwww.wri.org%2Fevents,main:nth-of-type(1)
https://hub.wri.org/housing-and-climate-nexus-pathways-resilient-affordable-and-low-carbon-urban-futures-africa?returnTo=https%3A%2F%2Fwww.wri.org%2Fevents,main:nth-of-type(1)
https://www.oecd.org/en/events/2026/03/RPCA-restricted-metting.html,main:nth-of-type(1)
https://www.oecd.org/en/events/2026/04/launch-foundations-for-growth-and-competitiveness.html,main:nth-of-type(1)
https://www.oecd.org/en/events/2026/04/official-development-assistance-preliminary-2025-data-and-projections.html,main:nth-of-type(1)
https://www.aicd.com.au/events/all-events/act/EVNT-001102.html,main:nth-of-type(1)
https://www.erm.com/about/events/erm-at-2026-aiche-spring-meeting-and-gcps/,div:nth-of-type(2)
https://www.eventbrite.com.au/e/information-session-ayurveda-appreciation-program-aap-april-11th-2026-tickets-1985701368246?aff=ebdssbdestsearch,main:nth-of-type(1)
https://www.unaansw.org.au/donate,main:nth-of-type(1)
https://www.brighttalk.com/webcast/17701/662395?size=10&rank=-webcast_relevance&duration=0..&contentType=webcast&q=esg,main:nth-of-type(1)
https://www.governanceinstitute.com.au/events/e10251-brisbane-members-friends-coffee-catch-up/,main:nth-of-type(1)
https://hub.wri.org/introduction-cool-cities-lab-assessing-heat-risks-and-prioritizing-cooling-solutions-option-12?returnTo=https%3A%2F%2Fwww.wri.org%2Fevents,main:nth-of-type(1)
https://www.oecd.org/en/events/2026/04/towards-a-skills-strategy-for-south-america.html,main:nth-of-type(1)
https://www.oecd.org/en/events/2026/04/7th-digital-for-sme-d4sme-roundtable.html,main:nth-of-type(1)
https://www.oecd.org/en/events/2026/04/from-analysis-to-action-harnessing-local-policies-to-boost-productivity-2nd-edition.html,main:nth-of-type(1)
https://www.oecd.org/en/events/2026/04/gender-and-socio-economic-gaps-in-patient-reported-measures-results-from-the-oecd-patient-reported-indicator-surveys-paris.html,main:nth-of-type(1)
https://www.oecd.org/en/events/2026/04/from-start-up-to-scale-up-challenges-and-opportunities.html,main:nth-of-type(1)
https://www.aicd.com.au/events/all-events/wa/EVNT-001106.html,main:nth-of-type(1)
https://www.aicd.com.au/events/all-events/sa/EVNT-001177.html,main:nth-of-type(1)
https://www.aicd.com.au/events/all-events/wa/EVNT-001125.html,main:nth-of-type(1)
https://www.eventbrite.com.au/e/gilbert-fellowship-lecture-bonita-ely-tickets-1985782670423?aff=ebdssbdestsearch,main:nth-of-type(1)
https://www.eventbrite.com.au/e/information-session-ayurveda-appreciation-program-aap-april-11th-2026-tickets-1985701368246?aff=ebdssbdestsearch,main:nth-of-type(1)
https://www.erm.com/about/events/erm-at-2026-aiche-spring-meeting-and-gcps/,div:nth-of-type(2)
https://www.unaansw.org.au/donate,main:nth-of-type(1)
https://www.brighttalk.com/webcast/17701/662395?size=10&rank=-webcast_relevance&duration=0..&contentType=webcast&q=esg,main:nth-of-type(1)
https://www.governanceinstitute.com.au/events/e10251-brisbane-members-friends-coffee-catch-up/,main:nth-of-type(1)
https://www.erm.com/about/events/erm-at-2026-aiche-spring-meeting-and-gcps/,div:nth-of-type(2)
https://hub.wri.org/introduction-cool-cities-lab-assessing-heat-risks-and-prioritizing-cooling-solutions-option-12?returnTo=https%3A%2F%2Fwww.wri.org%2Fevents,main:nth-of-type(1)
https://www.aicd.com.au/events/all-events/wa/EVNT-001106.html,main:nth-of-type(1)
https://www.aicd.com.au/events/all-events/sa/EVNT-001177.html,main:nth-of-type(1)
https://www.aicd.com.au/events/all-events/wa/EVNT-001125.html,main:nth-of-type(1)
https://www.eventbrite.com.au/e/manage-and-store-digital-photos-tickets-1980991918154?aff=ebdssbdestsearch,main:nth-of-type(1)
https://hub.wri.org/geospatial-monitoring-and-forest-crime-learnings-law-enforcement-and-community-experiences?returnTo=https%3A%2F%2Fwww.wri.org%2Fevents,main.dialog-off-canvas-main-canvas
https://hub.wri.org/long-term-climate-strategies-opportunity-changing-world?returnTo=https%3A%2F%2Fwww.wri.org%2Fevents,main.dialog-off-canvas-main-canvas
https://hub.wri.org/introduction-cool-cities-lab-assessing-heat-risks-and-prioritizing-cooling-solutions-option-22?returnTo=https%3A%2F%2Fwww.wri.org%2Fevents,main.dialog-off-canvas-main-canvas
https://hub.wri.org/iso-ghg-protocol-product-level-carbon-accounting-whats-next?returnTo=https%3A%2F%2Fwww.wri.org%2Fevents,main.dialog-off-canvas-main-canvas
https://www.brighttalk.com/webcast/19313/665334?size=10&rank=-webcast_relevance&duration=0..&contentType=webcast&q=esg,#bt-player-content-main
https://www.brighttalk.com/webcast/17701/664657?size=10&rank=-webcast_relevance&duration=0..&contentType=webcast&q=esg,#bt-player-content-main
https://www.brighttalk.com/webcast/17701/663114?size=10&rank=-webcast_relevance&duration=0..&contentType=webcast&q=esg,#bt-player-content-main
https://www.brighttalk.com/webcast/14001/664580?size=10&rank=-webcast_relevance&duration=0..&contentType=webcast&q=esg,#bt-player-content-main
https://www.governanceinstitute.com.au/events/e10438-sa-roundtable-aasb-s2-lessons-from-the-first-wave-of-mandatory-climate-statements/,#main
https://www.governanceinstitute.com.au/events/e10439-wa-roundtable-aasb-s2-lessons-from-the-first-wave-of-mandatory-climate-statements/,#main
https://www.governanceinstitute.com.au/events/e10141-virtual-discussion-group-risk/,#main
https://www.governanceinstitute.com.au/events/e10495-webinar-what-the-star-entertainment-decision-means-for-boards-and-executives/,#main
https://www.erm.com/about/events/wind-europe-madrid-2026/,div.event-page.container-fluid
https://www.aicd.com.au/events/all-events/qld/EVNT-001146.html,main:nth-of-type(1)
https://www.aicd.com.au/events/all-events/nsw/EVNT-001176.html,main:nth-of-type(1)
https://www.aicd.com.au/events/all-events/sa/EVNT-001161.html,main:nth-of-type(1)
https://www.aicd.com.au/events/all-events/tas/EVNT-001109.html,main:nth-of-type(1)
https://www.aicd.com.au/events/all-events/wa/EVNT-001088.html,main:nth-of-type(1)
https://www.environmental-finance.com/content/events/sustainable-debt-emea-2026/,main:nth-of-type(1)
https://unglobalcompact.org.au/events/open-house-climate-ambition-accelerator-overview-and-membership-benefits/,#page-container
https://unglobalcompact.org.au/events/open-office-hour-sustainability-reporting-community-of-practice-apr-26/,#page-container
https://www.a2ep.org.au/post/event-23-april-a2ep-member-update-networking-drinks-brisbane-online,#PAGES_CONTAINER
https://www.eventbrite.com.au/e/impact-cafe-environment-conservation-sustainability-edition-tickets-1981907016237?aff=ebdssbdestsearch,main.Body_mainContent__JPaXb
https://www.eventbrite.com.au/e/women-in-bim-networking-event-sydney-nsw-tickets-1982852205323?aff=ebdssbdestsearch,main.Body_mainContent__JPaXb
https://www.eventbrite.com.au/e/fashion-sewing-essentials-professional-techniques-for-beginners-xa-bd35-tickets-1983337198952?aff=ebdssbdestsearch,main.Body_mainContent__JPaXb
https://www.eventbrite.com.au/e/impact-cafe-environment-conservation-sustainability-edition-tickets-1981907016237?aff=ebdssbdestsearch,main:nth-of-type(1)
https://www.eventbrite.com.au/e/fashion-sewing-essentials-professional-techniques-for-beginners-xa-bd35-tickets-1983337198952?aff=ebdssbdestsearch,main:nth-of-type(1)
https://www.eventbrite.com.au/e/women-in-bim-networking-event-sydney-nsw-tickets-1982852205323?aff=ebdssbdestsearch,main:nth-of-type(1)
https://unglobalcompact.org.au/events/open-house-climate-ambition-accelerator-overview-and-membership-benefits/,div:nth-of-type(1)
https://unglobalcompact.org.au/events/open-office-hour-sustainability-reporting-community-of-practice-apr-26/,div:nth-of-type(1)
https://hub.wri.org/geospatial-monitoring-and-forest-crime-learnings-law-enforcement-and-community-experiences?returnTo=https%3A%2F%2Fwww.wri.org%2Fevents,main:nth-of-type(1)
https://hub.wri.org/long-term-climate-strategies-opportunity-changing-world?returnTo=https%3A%2F%2Fwww.wri.org%2Fevents,main:nth-of-type(1)
https://hub.wri.org/introduction-cool-cities-lab-assessing-heat-risks-and-prioritizing-cooling-solutions-option-22?returnTo=https%3A%2F%2Fwww.wri.org%2Fevents,main:nth-of-type(1)
https://hub.wri.org/iso-ghg-protocol-product-level-carbon-accounting-whats-next?returnTo=https%3A%2F%2Fwww.wri.org%2Fevents,main:nth-of-type(1)
https://www.governanceinstitute.com.au/events/e10438-sa-roundtable-aasb-s2-lessons-from-the-first-wave-of-mandatory-climate-statements/,main:nth-of-type(1)
https://www.governanceinstitute.com.au/events/e10439-wa-roundtable-aasb-s2-lessons-from-the-first-wave-of-mandatory-climate-statements/,main:nth-of-type(1)
https://www.governanceinstitute.com.au/events/e10141-virtual-discussion-group-risk/,main:nth-of-type(1)
https://www.governanceinstitute.com.au/events/e10495-webinar-what-the-star-entertainment-decision-means-for-boards-and-executives/,main:nth-of-type(1)
https://www.brighttalk.com/webcast/19313/665334?size=10&rank=-webcast_relevance&duration=0..&contentType=webcast&q=esg,main:nth-of-type(1)
https://www.brighttalk.com/webcast/17701/664657?size=10&rank=-webcast_relevance&duration=0..&contentType=webcast&q=esg,main:nth-of-type(1)
https://www.brighttalk.com/webcast/17701/663114?size=10&rank=-webcast_relevance&duration=0..&contentType=webcast&q=esg,main:nth-of-type(1)
https://www.brighttalk.com/webcast/14001/664580?size=10&rank=-webcast_relevance&duration=0..&contentType=webcast&q=esg,main:nth-of-type(1)
https://www.aicd.com.au/events/all-events/qld/EVNT-001146.html,main:nth-of-type(1)
https://www.aicd.com.au/events/all-events/nsw/EVNT-001176.html,main:nth-of-type(1)
https://www.aicd.com.au/events/all-events/sa/EVNT-001161.html,main:nth-of-type(1)
https://www.aicd.com.au/events/all-events/tas/EVNT-001109.html,main:nth-of-type(1)
https://www.aicd.com.au/events/all-events/wa/EVNT-001088.html,main:nth-of-type(1)
https://www.a2ep.org.au/post/event-23-april-a2ep-member-update-networking-drinks-brisbane-online,main:nth-of-type(1)
https://www.erm.com/about/events/water-stewardship-in-hyperscale-data-centre-development/,div.event-page.container-fluid
https://www.erm.com/about/events/mew-marine-energy-wales-conference--2026/,div.ot-sdk-container.ot-grps-cntr
https://www.erm.com/about/events/chem-logistics--scm-summit-2026/,section.wysiwyg.main-content
https://hub.wri.org/iso-ghg-protocol-product-level-carbon-accounting-whats-next?returnTo=https%3A%2F%2Fwww.wri.org%2Fevents,main.dialog-off-canvas-main-canvas
https://hub.wri.org/latest-trends-global-emissions?returnTo=https%3A%2F%2Fwww.wri.org%2Fevents,main.dialog-off-canvas-main-canvas
https://hub.wri.org/events/2026/4/frontline-climate-defenders-call-recognition-inclusion-and-protection?returnTo=https%3A%2F%2Fwww.wri.org%2Fevents,main.dialog-off-canvas-main-canvas
https://theenergy.co/events/data-power-melbourne,main.pb-24
https://theenergy.co/events/data-power-sydney,main.pb-24
https://www.eventbrite.com.au/e/yarra-environmental-film-festival-turning-the-ship-and-outpicker-tickets-1982333325339?aff=ebdssbdestsearch,div.Body_contentContainer__UR_IF
https://www.eventbrite.com.au/e/the-explainer-series-attention-span-tickets-1982487465376?aff=ebdssbdestsearch,main.Body_mainContent__JPaXb
https://www.eventbrite.com.au/e/eco-chats-zero-waste-and-industrial-hemp-tickets-1985772865095?aff=ebdssbdestsearch,div.Body_contentContainer__UR_IF
https://www.eventbrite.com.au/e/australian-healthcare-changes-opportunities-1-day-session-in-melbourne-tickets-1984728007899?aff=ebdssbdestsearch,main.Body_mainContent__JPaXb
https://www.eventbrite.com.au/e/vineyard-1207-wine-dinner-tickets-1984340755617?aff=ebdssbdestsearch,div.Body_contentContainer__UR_IF
https://www.eventbrite.com.au/e/restoring-our-harbour-marine-science-in-action-tickets-1983587916856?aff=ebdssbdestsearch,main.Body_mainContent__JPaXb
https://www.eventbrite.com.au/e/design-thinking-for-cyber-change-tickets-1985224829907?aff=ebdssbdestsearch,main.Body_mainContent__JPaXb
https://www.aicd.com.au/events/all-events/nsw/EVNT-001104.html,main:nth-of-type(1)
https://www.aicd.com.au/events/all-events/nt/EVNT-001121.html,main:nth-of-type(1)
https://www.aicd.com.au/events/all-events/nsw/EVNT-001049.html,main:nth-of-type(1)
https://www.aicd.com.au/events/all-events/vic/EVNT-001087.html,main:nth-of-type(1)
https://www.aicd.com.au/events/all-events/nsw/EVNT-001105.html,main:nth-of-type(1)
https://www.wbcsd.org/events/wbcsd-annual-meeting/,#primary
https://www.governanceinstitute.com.au/events/e10495-webinar-what-the-star-entertainment-decision-means-for-boards-and-executives/,#main
https://www.governanceinstitute.com.au/events/e10469-vic-member-exchange-sustainability/,#main
https://www.governanceinstitute.com.au/events/e10245-sydney-members-friends-coffee-catch-up/,#main
https://www.governanceinstitute.com.au/events/e10437-qld-roundtable-aasb-s2-lessons-from-the-first-wave-of-mandatory-climate-statements/,#main
https://www.iisd.org/events/santa-marta-pre-conference-fossil-fuel-subsidy-reform-session,#main-content
https://www.iisd.org/events/santa-marta-pre-conference-learning-lessons-existing-transition-plans,#main-content
https://www.iisd.org/events/santa-marta-pre-conference-investor-state-dispute-settlement-and-just-transition-away-fossil,#main-content
https://www.iisd.org/events/santa-marta-pre-conference-clean-energy-incentives-and-policy-mix,#main-content
https://www.iisd.org/events/santa-marta-pre-conference-content-national-transition-plans,#main-content
https://www.iisd.org/events/santa-marta-pre-conference-energy-transition-and-sovereign-debt-fiscal-external-and,#main-content
https://www.iisd.org/events/santa-marta-pre-conference-session-refocusing-medium-term-synergies-cop,#main-content
https://www.iisd.org/events/health-and-climate-phase-out-fossil-fuels,#main-content
https://hub.wri.org/iso-ghg-protocol-product-level-carbon-accounting-whats-next?returnTo=https%3A%2F%2Fwww.wri.org%2Fevents,main:nth-of-type(1)
https://hub.wri.org/latest-trends-global-emissions?returnTo=https%3A%2F%2Fwww.wri.org%2Fevents,main:nth-of-type(1)
https://hub.wri.org/events/2026/4/frontline-climate-defenders-call-recognition-inclusion-and-protection#register,main:nth-of-type(1)
https://www.oecd.org/en/events/2026/04/oecd-skills-summit-2026.html,main:nth-of-type(1)
https://www.oecd.org/en/events/2026/04/accelerating-industrial-transformation-how-countries-can-unlock-investment.html,main:nth-of-type(1)
https://www.oecd.org/en/events/skills-summit.html,main:nth-of-type(1)
https://www.oecd.org/en/events/2026/04/oecd-critical-minerals-forum.html,main:nth-of-type(1)
https://www.erm.com/about/events/water-stewardship-in-hyperscale-data-centre-development/,div:nth-of-type(4)
https://www.erm.com/about/events/mew-marine-energy-wales-conference--2026/,div:nth-of-type(4)
https://www.erm.com/about/events/chem-logistics--scm-summit-2026/,div:nth-of-type(4)
https://www.governanceinstitute.com.au/events/e10495-webinar-what-the-star-entertainment-decision-means-for-boards-and-executives/,main:nth-of-type(1)
https://www.governanceinstitute.com.au/events/e10469-vic-member-exchange-sustainability/,main:nth-of-type(1)
https://www.governanceinstitute.com.au/events/e10245-sydney-members-friends-coffee-catch-up/,main:nth-of-type(1)
https://www.governanceinstitute.com.au/events/e10437-qld-roundtable-aasb-s2-lessons-from-the-first-wave-of-mandatory-climate-statements/,main:nth-of-type(1)
https://www.wbcsd.org/events/wbcsd-annual-meeting/,main:nth-of-type(1)
https://www.aicd.com.au/events/all-events/nsw/EVNT-001104.html,main:nth-of-type(1)
https://www.aicd.com.au/events/all-events/nt/EVNT-001121.html,main:nth-of-type(1)
https://www.aicd.com.au/events/all-events/nsw/EVNT-001049.html,main:nth-of-type(1)
https://www.aicd.com.au/events/all-events/nsw/EVNT-001105.html,main:nth-of-type(1)
https://www.aicd.com.au/events/all-events/vic/EVNT-001087.html,main:nth-of-type(1)
https://theenergy.co/events/data-power-melbourne,main:nth-of-type(1)
https://theenergy.co/events/data-power-sydney,main:nth-of-type(1)
https://www.a2ep.org.au/post/workshop-28-april-lowering-heating-hot-water-temperature-to-reduce-capex-and-opex-melbourne,main:nth-of-type(1)
https://www.eventbrite.com.au/e/sisn-sustainability-and-climate-resilience-event-tickets-1986403999836?aff=ebdssbdestsearch,div:nth-of-type(1)
https://www.eventbrite.com.au/e/change-tickets-1985021777572?aff=ebdssbdestsearch,div:nth-of-type(1)
https://www.eventbrite.com.au/e/restoring-our-harbour-marine-science-in-action-tickets-1983587916856?aff=ebdssbdestsearch,main:nth-of-type(1)
https://www.eventbrite.com.au/e/design-thinking-for-cyber-change-tickets-1985224829907?aff=ebdssbdestsearch,main:nth-of-type(1)
https://www.eventbrite.com.au/e/the-explainer-series-attention-span-tickets-1982487465376?aff=ebdssbdestsearch,main:nth-of-type(1)
https://www.eventbrite.com.au/e/australias-property-market-amid-global-conflict-&-policy-uncertainty-1984728007899?aff=ebdssbdestsearch,
https://hub.wri.org/iso-ghg-protocol-product-level-carbon-accounting-whats-next?returnTo=https%3A%2F%2Fwww.wri.org%2Fevents,main:nth-of-type(1)
https://hub.wri.org/latest-trends-global-emissions?returnTo=https%3A%2F%2Fwww.wri.org%2Fevents,main:nth-of-type(1)
https://hub.wri.org/events/2026/4/frontline-climate-defenders-call-recognition-inclusion-and-protection#register,main:nth-of-type(1)
https://www.oecd.org/en/events/2026/04/oecd-skills-summit-2026.html,main:nth-of-type(1)
https://www.oecd.org/en/events/2026/04/accelerating-industrial-transformation-how-countries-can-unlock-investment.html,main:nth-of-type(1)
https://www.oecd.org/en/events/skills-summit.html,main:nth-of-type(1)
https://www.oecd.org/en/events/2026/04/oecd-critical-minerals-forum.html,main:nth-of-type(1)
https://www.erm.com/about/events/water-stewardship-in-hyperscale-data-centre-development/,div:nth-of-type(4)
https://www.erm.com/about/events/mew-marine-energy-wales-conference--2026/,div:nth-of-type(4)
https://www.erm.com/about/events/chem-logistics--scm-summit-2026/,div:nth-of-type(4)
https://www.governanceinstitute.com.au/events/e10495-webinar-what-the-star-entertainment-decision-means-for-boards-and-executives/,main:nth-of-type(1)
https://www.governanceinstitute.com.au/events/e10469-vic-member-exchange-sustainability/,main:nth-of-type(1)
https://www.governanceinstitute.com.au/events/e10245-sydney-members-friends-coffee-catch-up/,main:nth-of-type(1)
https://www.governanceinstitute.com.au/events/e10437-qld-roundtable-aasb-s2-lessons-from-the-first-wave-of-mandatory-climate-statements/,main:nth-of-type(1)
https://www.wbcsd.org/events/wbcsd-annual-meeting/,main:nth-of-type(1)
https://www.aicd.com.au/events/all-events/nsw/EVNT-001104.html,main:nth-of-type(1)
https://www.aicd.com.au/events/all-events/nt/EVNT-001121.html,main:nth-of-type(1)
https://www.aicd.com.au/events/all-events/nsw/EVNT-001049.html,main:nth-of-type(1)
https://www.aicd.com.au/events/all-events/nsw/EVNT-001105.html,main:nth-of-type(1)
https://www.aicd.com.au/events/all-events/vic/EVNT-001087.html,main:nth-of-type(1)
https://theenergy.co/events/data-power-melbourne,main:nth-of-type(1)
https://theenergy.co/events/data-power-sydney,main:nth-of-type(1)
https://www.a2ep.org.au/post/workshop-28-april-lowering-heating-hot-water-temperature-to-reduce-capex-and-opex-melbourne,main:nth-of-type(1)
https://www.eventbrite.com.au/e/sisn-sustainability-and-climate-resilience-event-tickets-1986403999836?aff=ebdssbdestsearch,div:nth-of-type(1)
https://www.eventbrite.com.au/e/change-tickets-1985021777572?aff=ebdssbdestsearch,div:nth-of-type(1)
https://www.eventbrite.com.au/e/restoring-our-harbour-marine-science-in-action-tickets-1983587916856?aff=ebdssbdestsearch,main:nth-of-type(1)
https://www.eventbrite.com.au/e/design-thinking-for-cyber-change-tickets-1985224829907?aff=ebdssbdestsearch,main:nth-of-type(1)
https://www.eventbrite.com.au/e/the-explainer-series-attention-span-tickets-1982487465376?aff=ebdssbdestsearch,main:nth-of-type(1)
https://www.eventbrite.com.au/e/australias-property-market-amid-global-conflict-&-policy-uncertainty-1984728007899?aff=ebdssbdestsearch,
https://hub.wri.org/iso-ghg-protocol-product-level-carbon-accounting-whats-next?returnTo=https%3A%2F%2Fwww.wri.org%2Fevents,main:nth-of-type(1)
https://hub.wri.org/latest-trends-global-emissions?returnTo=https%3A%2F%2Fwww.wri.org%2Fevents,main:nth-of-type(1)
https://hub.wri.org/events/2026/4/frontline-climate-defenders-call-recognition-inclusion-and-protection#register,main:nth-of-type(1)
https://www.oecd.org/en/events/2026/04/oecd-skills-summit-2026.html,main:nth-of-type(1)
https://www.oecd.org/en/events/2026/04/accelerating-industrial-transformation-how-countries-can-unlock-investment.html,main:nth-of-type(1)
https://www.oecd.org/en/events/skills-summit.html,main:nth-of-type(1)
https://www.oecd.org/en/events/2026/04/oecd-critical-minerals-forum.html,main:nth-of-type(1)
https://www.erm.com/about/events/water-stewardship-in-hyperscale-data-centre-development/,div:nth-of-type(4)
https://www.erm.com/about/events/mew-marine-energy-wales-conference--2026/,div:nth-of-type(4)
https://www.erm.com/about/events/chem-logistics--scm-summit-2026/,div:nth-of-type(4)
https://www.governanceinstitute.com.au/events/e10495-webinar-what-the-star-entertainment-decision-means-for-boards-and-executives/,main:nth-of-type(1)
https://www.governanceinstitute.com.au/events/e10469-vic-member-exchange-sustainability/,main:nth-of-type(1)
https://www.governanceinstitute.com.au/events/e10245-sydney-members-friends-coffee-catch-up/,main:nth-of-type(1)
https://www.governanceinstitute.com.au/events/e10437-qld-roundtable-aasb-s2-lessons-from-the-first-wave-of-mandatory-climate-statements/,main:nth-of-type(1)
https://www.wbcsd.org/events/wbcsd-annual-meeting/,main:nth-of-type(1)
https://www.aicd.com.au/events/all-events/nsw/EVNT-001104.html,main:nth-of-type(1)
https://www.aicd.com.au/events/all-events/nt/EVNT-001121.html,main:nth-of-type(1)
https://www.aicd.com.au/events/all-events/nsw/EVNT-001049.html,main:nth-of-type(1)
https://www.aicd.com.au/events/all-events/nsw/EVNT-001105.html,main:nth-of-type(1)
https://www.aicd.com.au/events/all-events/vic/EVNT-001087.html,main:nth-of-type(1)
https://theenergy.co/events/data-power-melbourne,main:nth-of-type(1)
https://theenergy.co/events/data-power-sydney,main:nth-of-type(1)
https://www.a2ep.org.au/post/workshop-28-april-lowering-heating-hot-water-temperature-to-reduce-capex-and-opex-melbourne,main:nth-of-type(1)
https://www.eventbrite.com.au/e/sisn-sustainability-and-climate-resilience-event-tickets-1986403999836?aff=ebdssbdestsearch,div:nth-of-type(1)
https://www.eventbrite.com.au/e/change-tickets-1985021777572?aff=ebdssbdestsearch,div:nth-of-type(1)
https://www.eventbrite.com.au/e/restoring-our-harbour-marine-science-in-action-tickets-1983587916856?aff=ebdssbdestsearch,main:nth-of-type(1)
https://www.eventbrite.com.au/e/design-thinking-for-cyber-change-tickets-1985224829907?aff=ebdssbdestsearch,main:nth-of-type(1)
https://www.eventbrite.com.au/e/the-explainer-series-attention-span-tickets-1982487465376?aff=ebdssbdestsearch,main:nth-of-type(1)
https://www.eventbrite.com.au/e/australias-property-market-amid-global-conflict-&-policy-uncertainty-1984728007899?aff=ebdssbdestsearch,
https://hub.wri.org/iso-ghg-protocol-product-level-carbon-accounting-whats-next?returnTo=https%3A%2F%2Fwww.wri.org%2Fevents,main:nth-of-type(1)
https://hub.wri.org/latest-trends-global-emissions?returnTo=https%3A%2F%2Fwww.wri.org%2Fevents,main:nth-of-type(1)
https://hub.wri.org/events/2026/4/frontline-climate-defenders-call-recognition-inclusion-and-protection#register,main:nth-of-type(1)
https://www.oecd.org/en/events/2026/04/oecd-skills-summit-2026.html,main:nth-of-type(1)
https://www.oecd.org/en/events/2026/04/accelerating-industrial-transformation-how-countries-can-unlock-investment.html,main:nth-of-type(1)
https://www.oecd.org/en/events/skills-summit.html,main:nth-of-type(1)
https://www.oecd.org/en/events/2026/04/oecd-critical-minerals-forum.html,main:nth-of-type(1)
https://www.erm.com/about/events/water-stewardship-in-hyperscale-data-centre-development/,div:nth-of-type(4)
https://www.erm.com/about/events/mew-marine-energy-wales-conference--2026/,div:nth-of-type(4)
https://www.erm.com/about/events/chem-logistics--scm-summit-2026/,div:nth-of-type(4)
https://www.governanceinstitute.com.au/events/e10495-webinar-what-the-star-entertainment-decision-means-for-boards-and-executives/,main:nth-of-type(1)
https://www.governanceinstitute.com.au/events/e10469-vic-member-exchange-sustainability/,main:nth-of-type(1)
https://www.governanceinstitute.com.au/events/e10245-sydney-members-friends-coffee-catch-up/,main:nth-of-type(1)
https://www.governanceinstitute.com.au/events/e10437-qld-roundtable-aasb-s2-lessons-from-the-first-wave-of-mandatory-climate-statements/,main:nth-of-type(1)
https://www.wbcsd.org/events/wbcsd-annual-meeting/,main:nth-of-type(1)
https://www.aicd.com.au/events/all-events/nsw/EVNT-001104.html,main:nth-of-type(1)
https://www.aicd.com.au/events/all-events/nt/EVNT-001121.html,main:nth-of-type(1)
https://www.aicd.com.au/events/all-events/nsw/EVNT-001049.html,main:nth-of-type(1)
https://www.aicd.com.au/events/all-events/nsw/EVNT-001105.html,main:nth-of-type(1)
https://www.aicd.com.au/events/all-events/vic/EVNT-001087.html,main:nth-of-type(1)
https://theenergy.co/events/data-power-melbourne,main:nth-of-type(1)
https://theenergy.co/events/data-power-sydney,main:nth-of-type(1)
https://www.a2ep.org.au/post/workshop-28-april-lowering-heating-hot-water-temperature-to-reduce-capex-and-opex-melbourne,main:nth-of-type(1)
https://www.eventbrite.com.au/e/sisn-sustainability-and-climate-resilience-event-tickets-1986403999836?aff=ebdssbdestsearch,div:nth-of-type(1)
https://www.eventbrite.com.au/e/change-tickets-1985021777572?aff=ebdssbdestsearch,div:nth-of-type(1)
https://www.eventbrite.com.au/e/restoring-our-harbour-marine-science-in-action-tickets-1983587916856?aff=ebdssbdestsearch,main:nth-of-type(1)
https://www.eventbrite.com.au/e/design-thinking-for-cyber-change-tickets-1985224829907?aff=ebdssbdestsearch,main:nth-of-type(1)
https://www.eventbrite.com.au/e/the-explainer-series-attention-span-tickets-1982487465376?aff=ebdssbdestsearch,main:nth-of-type(1)
https://www.eventbrite.com.au/e/australias-property-market-amid-global-conflict-&-policy-uncertainty-1984728007899?aff=ebdssbdestsearch,
