Date,Title,URL,FileName,md_file
2026-03-11,Antarctica: The Ice That Shapes Our World,https://iceds.anu.edu.au/news-events/events/antarctica-ice-shapes-our-world,18_iceds.anu.edu.au-news-events-events.md,1.md
2026-03-10,Sustainability Webinar: Proxy Voting Season Preview…,https://www.brighttalk.com/webcast/13051/662585?size=10&rank=-webcast_relevance&duration=0..&contentType=webcast&q=esg,11_www.brighttalk.com-search.md,2.md
2026-03-10,Australian Governance Summit 2026 AICD,https://www.aicd.com.au/events/all-events/nsw/EV169069.html,4_www.aicd.com.au-events-all-events.html.md,3.md
2026-03-10,Transforming Transportation 2026: Powering Jobs and Growth,https://hub.wri.org/events/2026/3/transforming-transportation-2026-powering-jobs-and-growth?returnTo=https%3A%2F%2Fwww.wri.org%2Fevents,9_www.wri.org-events.md,4.md
2026-03-12,4th Annual Paratransit / Popular Transportation Day at Transforming Transportation 2026,https://hub.wri.org/events/2026/3/4th-annual-paratransit-popular-transportation-day-transforming-transportation-2026?returnTo=https%3A%2F%2Fwww.wri.org%2Fevents,9_www.wri.org-events.md,5.md
2026-03-12,Scaling Green Infrastructure for a Resilient Rwanda,https://hub.wri.org/scaling-green-infrastructure-resilient-rwanda?returnTo=https%3A%2F%2Fwww.wri.org%2Fevents,9_www.wri.org-events.md,6.md
2026-03-13,Industrial Policy and Trade: Key developments to watch,https://www.iisd.org/events/industrial-policy-and-trade-key-developments,10_www.iisd.org-events.md,7.md
2026-03-16,Greenwashing: Time to stop the spin cycle | March 2026,https://unglobalcompact.org.au/events/greenwashing-time-to-stop-the-spin-cycle-march-2026/,22_unglobalcompact.org.au-upcoming-events.md,8.md
2026-03-10,Advancing a Just Green Transition in Cities,https://www.oecd.org/en/events/2026/03/advancing-a-just-green-transition-in-cities.html,15_www.oecd.org-en-search-events.html.md,9.md
2026-03-10,Powering the Future: Driving the Energy Transition in Regions,https://www.oecd.org/en/events/2026/03/powering-the-future-driving-the-energy-transition-in-regions.html,15_www.oecd.org-en-search-events.html.md,10.md
2026-03-11,Leveraging Defence Investments for Regional Development: On the road to the OECD Global Forum on Local Development in Limburg,https://www.oecd.org/en/events/2026/03/leveraging-defence-investments-for-regional-development-on-the-road-to-the-oecd-global-forum-on-local-development-in-limburg.html,15_www.oecd.org-en-search-events.html.md,11.md
2026-03-11,The OECD Principles on Rural Policy Series: Rural Proofing Workshop - What is Rural Proofing Intelligence?,https://www.oecd.org/en/events/2026/03/the-oecd-principles-on-rural-policy-series-rural-proofing-workshop-what-is-rural-proofing-intelligence.html,15_www.oecd.org-en-search-events.html.md,12.md
2026-03-12,"Nature Working Group Meeting #1, 2026 Online via Zoom Meeting",https://www.responsibleinvestment.org/events-news/item/nature-working-group-meeting-1-2026,3_www.responsibleinvestment.org-events-news-upcoming-events.md,13.md
2026-03-12,"Sustainable Bond Insights: What's next for the sustainable bond market? Join us for a data-driven discussion on issuance trends, investor demand, regulation, and the outlook for sustainable bonds, as well as a presentation featuring exclusive insights from the Sustainable Bond Insights Report 2026.",https://www.environmental-finance.com/content/events/content/webinars/sustainable-bond-insights-whats-next-for-the-sustainable-bond-market.html,12_www.environmental-finance.com-content-events.md,14.md
2026-03-16,Climate Fresk - Solve the Climate Puzzle! | 2.3M+ participants worldwide,https://www.eventbrite.com.au/e/climate-fresk-solve-the-climate-puzzle-23m-participants-worldwide-tickets-1979449442568?aff=ebdssbdestsearch,2_www.eventbrite.com.au-d-australia-events-next-week-climate-change.md,15.md
2026-03-16,What is a Carbon Footprint and How to Reduce It,https://www.eventbrite.com.au/e/what-is-a-carbon-footprint-and-how-to-reduce-it-tickets-1982743839197?aff=ebdssbdestsearch,2_www.eventbrite.com.au-d-australia-events-next-week-climate-change.md,16.md
2026-03-16,Doughnut Design for Business™ – Doughnut Economics for Organisations,https://www.eventbrite.com.au/e/doughnut-design-for-businesstm-doughnut-economics-for-organisations-tickets-1979104308262?aff=ebdssbdestsearch,2_www.eventbrite.com.au-d-australia-events-next-week-climate-change.md,17.md
2026-03-16,Doughnut Design for Business™ – Doughnut Economics for Organisations,https://www.eventbrite.com.au/e/doughnut-design-for-businesstm-doughnut-economics-for-organisations-tickets-1979449214887?aff=ebdssbdestsearch,2_www.eventbrite.com.au-d-australia-events-next-week-climate-change.md,18.md
2026-03-16,Doughnut Design for Business™ – Doughnut Economics for Organisations,https://www.eventbrite.com.au/e/doughnut-design-for-businesstm-doughnut-economics-for-organisations-tickets-1979685748365?aff=ebdssbdestsearch,2_www.eventbrite.com.au-d-australia-events-next-week-climate-change.md,19.md
2026-03-16,Doughnut Design for Business™ – Doughnut Economics for Organisations,https://www.eventbrite.com.au/e/doughnut-design-for-businesstm-doughnut-economics-for-organisations-tickets-1979685538738?aff=ebdssbdestsearch,2_www.eventbrite.com.au-d-australia-events-next-week-climate-change.md,20.md
2026-03-16,Doughnut Design for Business™ – Doughnut Economics for Organisations,https://www.eventbrite.com.au/e/doughnut-design-for-businesstm-doughnut-economics-for-organisations-tickets-1979449316190?aff=ebdssbdestsearch,2_www.eventbrite.com.au-d-australia-events-next-week-climate-change.md,21.md
